Rk,Player,Pos,Age,Tm,G,GS,MP,FG,FGA,FG%,3P,3PA,3P%,2P,2PA,2P%,eFG%,FT,FTA,FT%,ORB,DRB,TRB,AST,STL,BLK,TOV,PF,PTS,Player-additional
1,Precious Achiuwa,C,23,TOR,47,11,21.4,3.4,7.2,.474,0.4,1.8,.247,3.0,5.4,.549,.504,1.7,2.5,.698,1.8,4.1,6.0,1.0,0.6,0.6,1.1,2.0,9.0,achiupr01
2,Steven Adams,C,29,MEM,42,42,27.0,3.7,6.3,.597,0.0,0.0,.000,3.7,6.2,.599,.597,1.1,3.1,.364,5.1,6.5,11.5,2.3,0.9,1.1,1.9,2.3,8.6,adamsst01
3,Bam Adebayo,C,25,MIA,70,70,35.2,8.2,15.2,.542,0.0,0.2,.083,8.2,15.0,.548,.543,4.4,5.5,.803,2.4,6.8,9.3,3.3,1.2,0.9,2.6,2.9,20.9,adebaba01
4,Ochai Agbaji,SG,22,UTA,51,14,19.0,2.4,5.4,.447,1.3,3.4,.378,1.1,2.0,.563,.565,0.7,0.9,.745,0.7,1.2,1.9,0.9,0.3,0.2,0.5,1.6,6.8,agbajoc01
5,Santi Aldama,PF,22,MEM,70,18,22.0,3.3,7.0,.470,1.3,3.6,.353,2.0,3.4,.596,.562,1.4,1.9,.740,1.1,3.6,4.7,1.3,0.6,0.6,0.7,1.9,9.2,aldamsa01
6,Nickeil Alexander-Walker,SG,24,TOT,51,3,15.6,2.3,5.2,.446,1.0,2.7,.381,1.3,2.5,.516,.545,0.7,1.1,.667,0.3,1.6,1.8,2.0,0.6,0.4,1.0,1.6,6.5,alexani01
6,Nickeil Alexander-Walker,SG,24,UTA,36,3,14.7,2.3,4.7,.488,1.0,2.4,.402,1.3,2.3,.578,.591,0.8,1.1,.692,0.2,1.4,1.6,2.1,0.7,0.4,1.3,1.6,6.3,alexani01
6,Nickeil Alexander-Walker,SG,24,MIN,15,0,17.9,2.4,6.5,.371,1.2,3.5,.346,1.2,3.0,.400,.464,0.7,1.2,.611,0.3,1.9,2.3,1.6,0.4,0.3,0.5,1.5,6.7,alexani01
7,Grayson Allen,SG,27,MIL,68,66,27.6,3.5,7.9,.446,2.1,5.2,.405,1.4,2.7,.524,.579,1.6,1.8,.911,0.9,2.5,3.3,2.2,0.9,0.2,1.0,1.7,10.8,allengr01
8,Jarrett Allen,C,24,CLE,64,64,33.0,6.0,9.3,.644,0.0,0.1,.111,5.9,9.1,.652,.644,2.4,3.2,.729,3.2,6.7,9.9,1.7,0.8,1.2,1.4,2.3,14.3,allenja01
9,Jose Alvarado,PG,24,NOP,61,10,21.5,3.3,8.0,.411,1.4,4.0,.336,1.9,4.0,.488,.496,1.1,1.3,.813,0.5,1.9,2.3,3.0,1.1,0.2,1.3,2.0,9.0,alvarjo01
10,Kyle Anderson,PF,29,MIN,61,45,27.9,3.5,6.9,.506,0.6,1.5,.416,2.9,5.5,.530,.550,1.6,2.1,.738,0.9,4.4,5.2,4.7,1.1,0.9,1.5,2.1,9.2,anderky01
11,Giannis Antetokounmpo,PF,28,MIL,59,59,32.2,11.2,20.3,.550,0.8,2.8,.285,10.4,17.5,.592,.570,7.9,12.3,.647,2.2,9.5,11.7,5.6,0.8,0.8,3.9,3.2,31.1,antetgi01
12,Thanasis Antetokounmpo,SF,30,MIL,30,0,4.2,0.3,0.9,.346,0.0,0.2,.000,0.3,0.7,.429,.346,0.1,0.3,.500,0.3,0.7,1.0,0.2,0.1,0.1,0.3,0.5,0.7,antetth01
13,Cole Anthony,PG,22,ORL,54,3,25.6,4.5,10.0,.445,1.2,3.4,.360,3.2,6.6,.489,.506,2.6,2.9,.891,0.8,3.9,4.6,3.9,0.6,0.5,1.5,2.6,12.7,anthoco01
14,OG Anunoby,SF,25,TOR,60,60,35.6,6.2,13.1,.472,2.0,5.3,.386,4.1,7.8,.530,.550,2.3,2.7,.839,1.4,3.6,5.1,1.9,2.0,0.7,2.1,3.0,16.6,anunoog01
15,Ryan Arcidiacono,PG,28,TOT,18,2,7.2,0.4,1.5,.259,0.3,0.9,.375,0.1,0.6,.091,.370,0.0,0.0,,0.0,0.6,0.6,0.9,0.3,0.0,0.3,0.8,1.1,arcidry01
15,Ryan Arcidiacono,PG,28,NYK,11,0,2.4,0.1,0.5,.200,0.1,0.3,.333,0.0,0.2,.000,.300,0.0,0.0,,0.0,0.4,0.4,0.2,0.2,0.0,0.1,0.3,0.3,arcidry01
15,Ryan Arcidiacono,PG,28,POR,7,2,14.7,0.9,3.1,.273,0.7,1.9,.385,0.1,1.3,.111,.386,0.0,0.0,,0.0,1.0,1.0,2.1,0.4,0.0,0.6,1.6,2.4,arcidry01
16,Deni Avdija,SF,22,WAS,72,36,26.2,3.2,7.3,.439,0.9,3.0,.304,2.3,4.4,.532,.501,1.6,2.1,.748,1.0,5.4,6.4,2.6,0.8,0.4,1.5,2.8,8.9,avdijde01
17,Deandre Ayton,C,24,PHO,61,61,30.4,8.0,13.6,.589,0.1,0.4,.292,7.9,13.2,.598,.593,2.2,3.0,.751,2.6,7.5,10.1,1.8,0.6,0.8,1.8,2.8,18.3,aytonde01
18,Udoka Azubuike,C,23,UTA,30,0,7.3,1.2,1.6,.787,0.0,0.0,,1.2,1.6,.787,.787,0.2,0.5,.313,0.8,1.9,2.7,0.3,0.2,0.4,0.5,0.7,2.6,azubuud01
19,Marvin Bagley III,C,23,DET,36,21,23.5,4.9,9.1,.537,0.4,1.5,.259,4.5,7.6,.591,.558,1.8,2.4,.739,2.5,4.2,6.7,0.8,0.5,0.8,1.1,2.1,12.0,baglema01
20,Patrick Baldwin Jr.,SF,20,GSW,26,0,8.1,1.5,3.8,.400,1.2,3.0,.390,0.4,0.9,.435,.550,0.2,0.2,.667,0.0,1.3,1.4,0.3,0.2,0.2,0.4,0.5,4.4,baldwpa01
21,LaMelo Ball,PG,21,CHO,36,36,35.2,8.2,20.0,.411,4.0,10.6,.376,4.2,9.4,.450,.510,2.8,3.4,.836,1.2,5.3,6.4,8.4,1.3,0.3,3.6,3.3,23.3,ballla01
22,Mo Bamba,C,24,TOT,47,7,16.2,2.5,5.1,.487,1.0,2.6,.390,1.4,2.4,.591,.588,0.9,1.3,.661,1.2,3.5,4.7,1.0,0.3,0.9,0.6,2.2,6.8,bambamo01
22,Mo Bamba,C,24,ORL,40,6,17.0,2.7,5.4,.495,1.1,2.7,.398,1.6,2.7,.594,.596,0.9,1.3,.686,1.2,3.4,4.6,1.1,0.3,1.0,0.6,2.2,7.3,bambamo01
22,Mo Bamba,C,24,LAL,7,1,11.6,1.4,3.4,.417,0.7,2.1,.333,0.7,1.3,.556,.521,0.9,1.6,.545,1.3,4.0,5.3,0.6,0.1,0.6,1.1,2.4,4.4,bambamo01
23,Paolo Banchero,PF,20,ORL,67,67,33.9,6.7,15.7,.426,1.1,4.0,.286,5.5,11.7,.474,.462,5.5,7.4,.746,1.1,5.5,6.7,3.7,0.9,0.5,2.7,2.3,20.0,banchpa01
24,Desmond Bane,SG,24,MEM,51,51,31.2,7.6,16.0,.474,2.8,7.0,.407,4.7,9.0,.525,.562,3.1,3.5,.888,0.7,4.3,5.0,4.2,1.0,0.4,2.1,2.5,21.1,banede01
25,Dalano Banton,PG,23,TOR,27,2,9.3,1.7,4.1,.411,0.5,1.7,.283,1.2,2.4,.500,.469,0.6,0.7,.789,0.3,1.0,1.3,1.1,0.5,0.4,0.6,1.1,4.4,bantoda01
26,Dominick Barlow,SF,19,SAS,20,0,12.5,1.3,2.6,.490,0.0,0.2,.000,1.3,2.4,.532,.490,0.5,0.8,.667,1.2,1.6,2.8,0.6,0.3,0.6,0.6,2.0,3.0,barlodo01
27,Harrison Barnes,PF,30,SAC,74,74,32.8,4.6,9.7,.473,1.7,4.4,.377,2.9,5.3,.552,.559,4.3,5.0,.847,1.0,3.6,4.6,1.6,0.7,0.1,1.1,1.3,15.1,barneha02
28,Scottie Barnes,PF,21,TOR,69,68,34.9,6.0,13.3,.453,0.9,3.0,.298,5.1,10.3,.498,.486,2.6,3.3,.774,2.4,4.5,6.9,4.7,1.0,0.8,2.0,2.2,15.5,barnesc01
29,RJ Barrett,SG,22,NYK,68,68,34.0,7.0,16.1,.435,1.7,5.3,.318,5.3,10.8,.494,.488,4.0,5.4,.748,0.8,4.2,5.1,2.7,0.4,0.2,2.3,2.5,19.7,barrerj01
30,Will Barton,SG,32,TOT,51,2,18.1,2.4,6.5,.369,1.1,3.2,.350,1.3,3.3,.387,.455,0.7,0.9,.787,0.3,2.3,2.5,2.1,0.5,0.2,0.9,1.0,6.6,bartowi01
30,Will Barton,SG,32,WAS,40,0,19.6,2.8,7.1,.386,1.3,3.5,.377,1.5,3.7,.395,.477,0.9,1.1,.778,0.3,2.5,2.8,2.4,0.4,0.3,1.1,1.0,7.7,bartowi01
30,Will Barton,SG,32,TOR,11,2,13.0,1.1,4.2,.261,0.5,2.3,.200,0.6,1.9,.333,.315,0.2,0.2,1.000,0.3,1.3,1.5,1.0,0.5,0.2,0.3,1.1,2.8,bartowi01
31,Charles Bassey,C,22,SAS,35,2,14.5,2.5,3.9,.644,0.1,0.2,.375,2.4,3.6,.661,.656,0.6,1.1,.595,2.1,3.4,5.5,1.4,0.5,0.9,1.2,2.1,5.7,bassech01
32,Keita Bates-Diop,SF,27,SAS,59,34,21.1,3.3,6.5,.508,0.8,1.9,.398,2.5,4.6,.554,.567,1.6,2.0,.782,1.0,2.5,3.5,1.4,0.7,0.3,0.8,0.9,8.9,bateske01
33,Nicolas Batum,PF,34,LAC,71,12,21.6,2.1,4.9,.422,1.6,4.0,.391,0.5,0.9,.565,.582,0.4,0.6,.689,0.8,3.1,3.9,1.5,0.7,0.6,0.7,1.9,6.1,batumni01
34,Darius Bazley,PF,22,TOT,41,1,14.2,1.8,4.0,.446,0.5,1.2,.388,1.3,2.9,.470,.503,0.9,1.6,.552,0.7,2.4,3.1,0.9,0.5,0.8,0.6,1.0,5.0,bazleda01
34,Darius Bazley,PF,22,OKC,36,1,15.4,2.0,4.4,.449,0.5,1.3,.400,1.5,3.1,.469,.506,1.0,1.8,.554,0.8,2.6,3.4,0.9,0.5,0.8,0.6,1.0,5.4,bazleda01
34,Darius Bazley,PF,22,PHO,5,0,5.4,0.6,1.6,.375,0.2,0.8,.250,0.4,0.8,.500,.438,0.2,0.4,.500,0.2,1.0,1.2,0.8,0.4,0.4,0.6,1.0,1.6,bazleda01
35,Bradley Beal,SG,29,WAS,50,50,33.5,8.9,17.6,.506,1.6,4.4,.365,7.3,13.2,.552,.551,3.8,4.6,.842,0.8,3.1,3.9,5.4,0.9,0.7,2.9,2.1,23.2,bealbr01
36,Malik Beasley,SG,26,TOT,73,27,26.5,4.7,11.9,.392,2.9,8.3,.355,1.7,3.6,.477,.516,0.6,0.8,.800,0.4,3.2,3.6,1.6,0.8,0.1,1.1,1.3,12.9,beaslma01
36,Malik Beasley,SG,26,UTA,55,13,26.8,4.8,12.2,.396,3.1,8.6,.359,1.7,3.6,.485,.522,0.7,0.8,.841,0.5,3.1,3.6,1.7,0.8,0.1,1.1,1.4,13.4,beaslma01
36,Malik Beasley,SG,26,LAL,18,14,25.7,4.2,11.2,.378,2.6,7.5,.341,1.7,3.7,.455,.493,0.4,0.6,.636,0.2,3.3,3.6,1.2,0.9,0.0,1.3,1.3,11.4,beaslma01
37,MarJon Beauchamp,SF,22,MIL,45,9,13.3,1.9,4.8,.402,0.9,2.8,.323,1.0,2.0,.511,.495,0.5,0.7,.697,0.8,1.4,2.2,0.6,0.4,0.1,0.8,1.4,5.2,beaucma01
38,Dāvis Bertāns,PF,30,DAL,41,0,10.6,1.4,3.3,.419,1.1,2.9,.383,0.3,0.4,.688,.588,0.2,0.3,.833,0.2,0.8,1.0,0.5,0.2,0.1,0.2,1.2,4.1,bertada01
39,Patrick Beverley,PG,34,TOT,59,59,27.3,2.1,5.4,.397,1.2,3.5,.340,0.9,1.8,.509,.509,0.8,1.1,.730,0.7,3.1,3.8,2.9,0.8,0.6,0.9,2.9,6.3,beverpa01
39,Patrick Beverley,PG,34,LAL,45,45,26.9,2.2,5.4,.402,1.2,3.5,.348,0.9,1.8,.506,.517,0.9,1.1,.780,0.5,2.6,3.1,2.6,0.9,0.6,0.9,2.8,6.4,beverpa01
39,Patrick Beverley,PG,34,CHI,14,14,28.4,2.1,5.4,.382,1.1,3.6,.314,0.9,1.8,.520,.487,0.5,0.9,.538,1.4,4.7,6.1,3.7,0.6,0.8,1.0,3.2,5.8,beverpa01
40,Saddiq Bey,SF,23,TOT,69,32,27.8,4.5,10.9,.415,2.0,5.4,.371,2.5,5.4,.460,.508,2.9,3.4,.858,1.2,3.4,4.6,1.5,0.9,0.2,1.0,1.6,13.9,beysa01
40,Saddiq Bey,SF,23,DET,52,30,28.8,4.7,11.7,.404,1.9,5.6,.345,2.8,6.0,.460,.488,3.5,4.0,.861,1.1,3.5,4.7,1.6,1.0,0.2,1.0,1.7,14.8,beysa01
40,Saddiq Bey,SF,23,ATL,17,2,24.7,3.9,8.4,.462,2.2,4.8,.463,1.6,3.6,.459,.594,1.2,1.4,.833,1.3,3.2,4.5,1.0,0.6,0.1,0.7,1.5,11.2,beysa01
41,Khem Birch,C,30,TOR,20,0,8.1,1.0,1.6,.594,0.1,0.1,.500,0.9,1.5,.600,.609,0.2,0.3,.800,0.4,0.9,1.3,0.4,0.3,0.3,0.4,1.2,2.2,birchkh01
42,Goga Bitadze,C,23,TOT,30,0,10.5,1.4,2.7,.525,0.2,0.6,.263,1.2,2.0,.607,.556,0.5,1.1,.469,1.4,1.6,3.0,0.9,0.4,0.5,0.5,1.6,3.5,bitadgo01
42,Goga Bitadze,C,23,IND,21,0,9.6,1.3,2.5,.519,0.2,0.7,.286,1.1,1.8,.605,.558,0.5,1.1,.458,1.2,1.1,2.3,0.9,0.4,0.5,0.6,1.6,3.3,bitadgo01
42,Goga Bitadze,C,23,ORL,9,0,12.6,1.7,3.1,.536,0.1,0.6,.200,1.6,2.6,.609,.554,0.4,0.9,.500,1.8,2.7,4.4,1.1,0.3,0.7,0.2,1.4,3.9,bitadgo01
43,Bismack Biyombo,C,30,PHO,54,13,14.1,1.8,3.2,.579,0.0,0.0,,1.8,3.2,.579,.579,0.3,1.1,.295,1.3,2.8,4.1,0.9,0.3,1.4,0.9,1.9,4.0,biyombi01
44,Buddy Boeheim,PG,23,DET,7,0,9.9,0.6,3.3,.174,0.6,3.1,.182,0.0,0.1,.000,.261,0.3,0.3,1.000,0.3,0.3,0.6,0.4,0.3,0.0,0.0,0.6,2.0,boehebu01
45,Bogdan Bogdanović,SG,30,ATL,48,8,28.4,5.1,11.5,.440,2.7,6.6,.403,2.4,4.9,.491,.556,1.2,1.5,.814,0.4,2.7,3.1,2.8,0.8,0.4,1.3,1.7,14.0,bogdabo01
46,Bojan Bogdanović,PF,33,DET,59,59,32.1,7.3,14.9,.488,2.5,6.0,.411,4.8,9.0,.539,.570,4.5,5.1,.884,0.6,3.2,3.8,2.6,0.6,0.1,2.3,1.9,21.6,bogdabo02
47,Bol Bol,PF,23,ORL,67,32,21.4,3.7,6.6,.566,0.4,1.5,.293,3.3,5.1,.644,.598,1.1,1.5,.760,1.0,4.8,5.8,0.9,0.4,1.2,1.6,1.3,9.0,bolbo01
48,Leandro Bolmaro,SG,22,UTA,14,0,4.9,0.2,1.4,.150,0.0,0.3,.000,0.2,1.1,.188,.150,0.0,0.0,,0.3,0.2,0.5,0.5,0.2,0.1,0.5,0.7,0.4,bolmale01
49,Devin Booker,SG,26,PHO,47,47,34.5,10.3,20.5,.502,2.2,5.9,.368,8.1,14.6,.555,.555,5.5,6.5,.846,0.9,3.7,4.6,5.4,0.9,0.4,2.7,3.0,28.2,bookede01
50,Brandon Boston Jr.,SG,21,LAC,21,1,11.8,2.4,5.8,.421,0.6,1.4,.414,1.9,4.4,.424,.471,1.4,1.8,.763,0.3,1.0,1.4,0.9,0.4,0.0,0.6,1.0,6.8,bostobr01
51,Chris Boucher,PF,30,TOR,68,0,20.1,3.5,7.0,.496,0.8,2.5,.331,2.6,4.4,.589,.556,1.7,2.3,.755,2.2,3.6,5.7,0.4,0.7,0.9,0.5,1.9,9.5,bouchch01
52,James Bouknight,SG,22,CHO,27,0,13.1,1.5,4.5,.328,0.6,2.4,.250,0.9,2.1,.414,.393,0.6,0.8,.682,0.2,1.7,1.9,1.0,0.5,0.1,0.7,1.1,4.1,bouknja01
53,Jamaree Bouyea,PG,23,TOT,5,0,14.2,1.2,2.8,.429,0.4,1.2,.333,0.8,1.6,.500,.500,0.2,0.4,.500,0.2,1.0,1.2,0.8,0.8,0.4,0.8,1.2,3.0,bouyeja01
53,Jamaree Bouyea,PG,23,MIA,4,0,16.3,1.5,3.3,.462,0.5,1.3,.400,1.0,2.0,.500,.538,0.3,0.5,.500,0.3,1.0,1.3,1.0,1.0,0.5,1.0,1.3,3.8,bouyeja01
53,Jamaree Bouyea,PG,23,WAS,1,0,6.0,0.0,1.0,.000,0.0,1.0,.000,0.0,0.0,,.000,0.0,0.0,,0.0,1.0,1.0,0.0,0.0,0.0,0.0,1.0,0.0,bouyeja01
54,Tony Bradley,C,25,CHI,12,0,2.8,0.5,1.0,.500,0.3,0.4,.600,0.3,0.6,.429,.625,0.3,0.3,1.000,0.1,0.8,0.9,0.1,0.1,0.1,0.1,0.2,1.6,bradlto01
55,Malaki Branham,SF,19,SAS,58,24,23.1,3.7,8.6,.435,1.1,3.7,.302,2.6,4.9,.535,.500,0.8,0.9,.815,0.5,2.2,2.7,2.0,0.5,0.1,1.2,1.8,9.4,branhma01
56,Jarrell Brantley,PF,26,UTA,3,0,9.7,2.3,4.0,.583,1.3,2.7,.500,1.0,1.3,.750,.750,0.7,0.7,1.000,0.3,1.3,1.7,1.0,0.0,0.7,0.7,1.0,6.7,brantja01
57,Christian Braun,SG,21,DEN,68,3,14.5,1.6,3.3,.491,0.4,1.1,.382,1.2,2.2,.547,.555,0.4,0.7,.625,0.6,1.6,2.2,0.8,0.4,0.2,0.4,1.3,4.1,braunch01
58,Mikal Bridges,SF,26,TOT,75,75,36.0,6.9,14.7,.471,2.0,5.1,.389,5.0,9.6,.515,.539,3.5,3.9,.898,1.0,3.4,4.4,3.3,1.1,0.8,1.5,2.0,19.4,bridgmi01
58,Mikal Bridges,SF,26,PHO,56,56,36.4,6.3,13.6,.463,1.8,4.7,.387,4.5,9.0,.503,.529,2.8,3.1,.897,1.0,3.3,4.3,3.6,1.2,0.8,1.4,2.1,17.2,bridgmi01
58,Mikal Bridges,SF,26,BRK,19,19,34.7,8.8,17.9,.490,2.5,6.4,.393,6.3,11.5,.543,.560,5.7,6.4,.901,0.8,3.6,4.5,2.6,0.9,0.6,1.7,1.7,25.8,bridgmi01
59,Oshae Brissett,SF,24,IND,58,2,16.3,1.9,4.7,.403,0.8,2.4,.328,1.1,2.3,.478,.485,1.3,1.9,.694,0.9,2.4,3.4,0.6,0.5,0.2,0.4,1.2,5.9,brissos01
60,Malcolm Brogdon,PG,30,BOS,61,0,25.8,5.1,10.6,.482,2.0,4.4,.451,3.1,6.2,.504,.576,2.3,2.7,.877,0.6,3.6,4.2,3.6,0.6,0.3,1.5,1.6,14.5,brogdma01
61,Dillon Brooks,SF,27,MEM,66,66,30.3,5.3,13.6,.392,1.9,5.8,.326,3.4,7.7,.442,.463,1.6,2.1,.788,0.6,2.6,3.3,2.5,0.9,0.2,1.4,3.3,14.2,brookdi01
62,Bruce Brown,SG,26,DEN,73,28,28.1,4.3,8.9,.481,1.2,3.2,.367,3.1,5.6,.547,.549,1.2,1.6,.744,0.7,3.3,4.0,3.3,1.0,0.6,1.6,2.4,10.9,brownbr01
63,Greg Brown III,PF,21,POR,16,0,5.8,0.7,1.8,.393,0.1,0.4,.143,0.6,1.3,.476,.411,0.3,0.8,.417,0.1,1.1,1.2,0.2,0.3,0.3,0.4,0.8,1.8,browngr01
64,Jaylen Brown,SF,26,BOS,62,62,36.1,10.0,20.4,.491,2.5,7.3,.346,7.5,13.1,.572,.553,4.1,5.4,.772,1.2,5.6,6.9,3.4,1.1,0.4,2.9,2.7,26.7,brownja02
65,Kendall Brown,SG,19,IND,6,0,6.7,0.7,1.2,.571,0.0,0.2,.000,0.7,1.0,.667,.571,0.2,0.3,.500,0.3,0.7,1.0,0.5,0.7,0.0,0.3,1.5,1.5,brownke03
66,Moses Brown,C,23,LAC,34,1,8.5,1.8,2.8,.635,0.0,0.0,,1.8,2.8,.635,.635,1.0,2.1,.458,1.7,2.4,4.1,0.1,0.1,0.4,0.4,1.1,4.6,brownmo01
67,Sterling Brown,SG,27,LAL,4,0,6.0,0.0,1.0,.000,0.0,0.5,.000,0.0,0.5,.000,.000,0.0,0.0,,0.8,1.3,2.0,0.5,0.8,0.0,0.0,1.0,0.0,brownst02
68,Troy Brown Jr.,SF,23,LAL,68,44,24.8,2.7,6.3,.428,1.4,3.8,.374,1.3,2.5,.512,.541,0.5,0.5,.892,0.9,3.3,4.1,1.3,0.8,0.2,0.7,1.6,7.3,browntr01
69,Jalen Brunson,PG,26,NYK,65,65,35.0,8.5,17.4,.489,1.9,4.7,.411,6.6,12.7,.517,.544,4.8,5.8,.833,0.6,3.0,3.6,6.2,0.9,0.2,2.0,2.3,23.8,brunsja01
70,Thomas Bryant,C,25,TOT,57,25,18.3,3.9,6.2,.626,0.4,1.0,.436,3.5,5.3,.661,.660,1.6,2.2,.738,1.5,4.3,5.8,0.5,0.3,0.5,0.6,1.7,9.9,bryanth01
70,Thomas Bryant,C,25,LAL,41,25,21.4,4.8,7.3,.654,0.5,1.2,.440,4.3,6.1,.697,.691,2.0,2.6,.741,1.6,5.2,6.8,0.7,0.3,0.6,0.7,1.9,12.1,bryanth01
70,Thomas Bryant,C,25,DEN,16,0,10.6,1.6,3.4,.473,0.1,0.3,.400,1.5,3.1,.480,.491,0.8,1.1,.722,1.1,1.9,3.1,0.1,0.1,0.3,0.6,1.3,4.2,bryanth01
71,Reggie Bullock,SF,31,DAL,71,48,30.7,2.5,6.0,.413,2.0,5.1,.390,0.5,0.9,.537,.577,0.4,0.5,.703,0.5,3.2,3.6,1.4,0.7,0.2,0.5,2.2,7.3,bullore01
72,Alec Burks,SG,31,DET,51,8,22.0,3.9,9.0,.436,1.9,4.7,.414,2.0,4.3,.459,.544,3.0,3.7,.814,0.4,2.7,3.1,2.2,0.7,0.2,1.1,1.9,12.8,burksal01
73,Deonte Burton,SG,29,SAC,2,0,3.0,0.0,1.0,.000,0.0,0.5,.000,0.0,0.5,.000,.000,0.0,0.0,,0.0,0.0,0.0,0.0,0.0,0.0,0.0,0.0,0.0,burtode02
74,Jared Butler,SG,22,OKC,2,0,9.5,1.0,2.0,.500,0.5,1.0,.500,0.5,1.0,.500,.625,0.0,0.0,,0.0,0.5,0.5,2.0,1.5,0.0,1.0,1.5,2.5,butleja02
75,Jimmy Butler,SF,33,MIA,60,60,33.4,7.4,14.0,.530,0.6,1.6,.351,6.8,12.4,.553,.550,7.4,8.8,.850,2.3,3.7,6.0,5.1,1.9,0.4,1.6,1.3,22.8,butleji01
76,John Butler,C,20,POR,11,0,3.6,0.1,0.5,.200,0.0,0.4,.000,0.1,0.1,1.000,.200,0.0,0.0,,0.1,0.2,0.3,0.1,0.1,0.4,0.0,0.3,0.2,butlejo01
77,Jamal Cain,SF,23,MIA,15,0,12.4,1.7,3.3,.520,0.1,0.8,.167,1.6,2.5,.632,.540,0.8,1.1,.750,0.8,1.8,2.6,0.6,0.5,0.0,0.3,1.0,4.4,cainja01
78,Kentavious Caldwell-Pope,SG,29,DEN,71,71,31.6,3.9,8.4,.469,1.8,4.2,.428,2.1,4.2,.510,.576,1.4,1.7,.822,0.5,2.3,2.8,2.5,1.5,0.4,1.1,1.9,11.0,caldwke01
79,Facundo Campazzo,PG,31,DAL,8,0,6.5,0.4,1.6,.231,0.4,1.4,.273,0.0,0.3,.000,.346,0.1,0.3,.500,0.0,0.3,0.3,1.1,0.8,0.0,0.4,0.4,1.3,campafa01
80,Vlatko Čančar,PF,25,DEN,53,8,15.2,1.9,3.9,.490,0.8,2.0,.400,1.1,1.9,.583,.591,0.6,0.6,.938,0.4,1.8,2.2,1.4,0.3,0.2,0.6,1.5,5.2,cancavl01
81,Clint Capela,C,28,ATL,58,56,26.7,5.4,8.3,.650,0.0,0.0,.000,5.4,8.3,.651,.650,1.2,1.9,.598,4.2,7.0,11.2,0.9,0.7,1.2,0.8,2.1,12.0,capelca01
82,Vernon Carey Jr.,C,21,WAS,11,0,2.5,0.2,0.7,.250,0.0,0.0,,0.2,0.7,.250,.250,0.2,0.2,1.000,0.3,0.7,1.0,0.3,0.2,0.2,0.2,0.5,0.5,careyve01
83,Jevon Carter,PG,27,MIL,74,35,22.1,2.9,6.9,.424,1.7,4.0,.414,1.2,2.8,.438,.545,0.4,0.5,.806,0.4,2.1,2.6,2.4,0.9,0.4,1.0,2.0,7.9,carteje01
84,Wendell Carter Jr.,C,23,ORL,51,48,30.1,5.8,11.0,.525,1.4,3.9,.348,4.4,7.1,.621,.586,2.6,3.5,.746,2.2,6.6,8.9,2.4,0.5,0.6,2.0,2.9,15.6,cartewe01
85,Alex Caruso,PG,28,CHI,60,29,23.9,1.9,4.3,.450,0.8,2.2,.366,1.1,2.1,.540,.545,1.0,1.2,.803,0.6,2.4,3.0,3.0,1.5,0.6,1.2,2.4,5.6,carusal01
86,Julian Champagnie,SF,21,TOT,9,0,13.3,2.2,4.8,.465,1.3,3.3,.400,0.9,1.4,.615,.605,0.1,0.1,1.000,0.2,2.1,2.3,0.2,0.1,0.4,0.3,1.2,5.9,champju02
86,Julian Champagnie,SF,21,PHI,2,0,3.5,0.0,1.0,.000,0.0,0.5,.000,0.0,0.5,.000,.000,0.0,0.0,,0.0,0.0,0.0,0.0,0.5,0.0,0.0,0.0,0.0,champju02
86,Julian Champagnie,SF,21,SAS,7,0,16.1,2.9,5.9,.488,1.7,4.1,.414,1.1,1.7,.667,.634,0.1,0.1,1.000,0.3,2.7,3.0,0.3,0.0,0.6,0.4,1.6,7.6,champju02
87,Justin Champagnie,SF,21,TOR,3,0,3.7,1.0,1.0,1.000,0.0,0.0,,1.0,1.0,1.000,1.000,0.0,0.0,,0.3,1.0,1.3,0.3,0.0,0.0,0.0,0.3,2.0,champju01
88,Kennedy Chandler,PG,20,MEM,32,0,8.0,1.0,2.4,.408,0.1,0.5,.133,0.9,1.9,.475,.421,0.2,0.4,.462,0.2,0.8,1.0,1.7,0.3,0.2,0.5,0.4,2.2,chandke01
89,Max Christie,SG,19,LAL,38,3,13.3,1.2,2.8,.419,0.7,1.6,.419,0.5,1.1,.419,.543,0.4,0.4,.875,0.2,1.8,1.9,0.5,0.2,0.2,0.3,0.9,3.4,chrisma02
90,Josh Christopher,SG,21,HOU,56,1,11.6,2.2,4.8,.455,0.4,1.4,.260,1.8,3.4,.534,.492,0.7,0.9,.769,0.3,0.8,1.1,1.1,0.4,0.2,0.9,0.9,5.4,chrisjo01
91,Brandon Clarke,PF,26,MEM,56,8,19.5,4.1,6.2,.656,0.0,0.1,.167,4.1,6.1,.665,.658,1.8,2.4,.723,1.6,3.9,5.5,1.3,0.6,0.7,1.0,2.3,10.0,clarkbr01
92,Jordan Clarkson,SG,30,UTA,61,61,32.6,7.5,16.9,.444,2.5,7.5,.338,5.0,9.4,.530,.519,3.3,4.0,.816,1.2,2.9,4.0,4.4,0.5,0.2,3.0,2.0,20.8,clarkjo01
93,Nic Claxton,C,23,BRK,69,69,29.6,5.4,7.7,.702,0.0,0.0,.000,5.4,7.7,.705,.702,1.8,3.3,.533,2.4,6.8,9.2,1.8,0.8,2.5,1.3,2.8,12.6,claxtni01
94,Amir Coffey,SG,25,LAC,47,9,12.9,1.1,3.0,.380,0.2,0.8,.263,0.9,2.2,.423,.415,1.0,1.3,.780,0.4,0.7,1.1,1.1,0.1,0.1,0.4,1.1,3.5,coffeam01
95,John Collins,PF,25,ATL,64,64,30.1,5.1,10.0,.514,0.9,3.3,.271,4.2,6.7,.633,.559,1.9,2.3,.820,1.1,5.4,6.5,1.2,0.6,1.1,1.1,3.2,13.1,collijo01
96,Zach Collins,C,25,SAS,59,22,22.5,4.3,8.3,.521,0.8,2.2,.382,3.5,6.1,.573,.573,1.7,2.2,.765,1.8,4.4,6.3,2.8,0.6,0.7,2.0,3.2,11.2,colliza01
97,Mike Conley,PG,35,TOT,59,58,30.2,3.8,9.0,.419,1.9,5.1,.376,1.8,3.8,.476,.526,1.9,2.3,.844,0.5,2.2,2.7,7.0,1.1,0.2,1.6,2.0,11.4,conlemi01
97,Mike Conley,PG,35,UTA,43,42,29.7,3.6,8.7,.408,1.8,5.0,.362,1.8,3.8,.469,.511,1.8,2.2,.813,0.4,2.1,2.5,7.7,1.0,0.2,1.7,2.2,10.7,conlemi01
97,Mike Conley,PG,35,MIN,16,16,31.5,4.3,9.7,.445,2.3,5.6,.411,2.0,4.1,.492,.565,2.3,2.4,.923,0.7,2.5,3.2,5.3,1.3,0.2,1.2,1.4,13.2,conlemi01
98,Pat Connaughton,SG,30,MIL,56,32,24.7,2.8,7.2,.393,1.9,5.6,.341,0.9,1.7,.564,.523,0.5,0.7,.659,0.8,4.0,4.8,1.3,0.7,0.2,0.6,1.1,8.1,connapa01
99,Xavier Cooks,PF,27,WAS,2,0,4.5,0.0,0.0,,0.0,0.0,,0.0,0.0,,,0.0,0.0,,1.0,0.5,1.5,0.0,0.0,0.0,0.5,0.0,0.0,cooksxa01
100,Robert Covington,PF,32,LAC,42,0,16.0,2.1,4.9,.427,1.0,2.9,.361,1.0,2.0,.524,.534,0.6,0.9,.750,0.6,2.8,3.4,1.2,0.8,0.7,0.6,1.8,5.9,covinro01
101,Torrey Craig,SF,32,PHO,71,58,25.3,2.8,6.4,.439,1.3,3.3,.394,1.5,3.1,.488,.542,0.4,0.6,.721,1.9,3.6,5.5,1.5,0.6,0.8,1.0,2.3,7.4,craigto01
102,Jae Crowder,SF,32,MIL,11,0,18.7,2.0,4.2,.478,1.2,3.0,.394,0.8,1.2,.692,.620,0.8,1.0,.818,1.0,3.2,4.2,1.4,0.5,0.4,0.4,1.5,6.0,crowdja01
103,Jarrett Culver,SG,23,ATL,10,1,13.7,1.7,4.3,.395,0.1,1.2,.083,1.6,3.1,.516,.407,0.9,1.3,.692,1.0,2.8,3.8,0.6,0.6,0.2,0.7,1.4,4.4,culveja01
104,Cade Cunningham,PG,21,DET,12,12,33.3,7.8,18.7,.415,1.4,5.1,.279,6.3,13.6,.466,.453,3.0,3.6,.837,1.0,5.2,6.2,6.0,0.8,0.6,3.3,2.8,19.9,cunnica01
105,Seth Curry,SG,32,BRK,55,7,20.8,3.6,7.7,.461,1.6,4.0,.407,1.9,3.7,.520,.567,0.9,0.9,.979,0.2,1.5,1.7,1.7,0.6,0.1,0.9,1.7,9.6,curryse01
106,Stephen Curry,PG,34,GSW,49,49,34.8,10.0,20.0,.499,4.9,11.3,.428,5.1,8.7,.592,.620,4.7,5.2,.913,0.7,5.5,6.2,6.3,0.9,0.3,3.3,2.2,29.6,curryst01
107,Dyson Daniels,PG,19,NOP,52,11,18.3,1.5,3.6,.411,0.4,1.5,.289,1.0,2.1,.495,.470,0.4,0.7,.622,0.6,2.6,3.2,2.4,0.8,0.2,1.0,1.8,3.8,daniedy01
108,Anthony Davis,C,29,LAL,48,46,33.8,9.8,17.3,.563,0.4,1.4,.261,9.4,15.9,.591,.574,6.2,7.9,.790,3.4,9.1,12.5,2.5,1.0,2.0,2.3,2.7,26.1,davisan02
109,Johnny Davis,SG,20,WAS,20,0,8.1,1.0,2.7,.377,0.1,0.7,.077,1.0,2.0,.475,.387,0.3,0.5,.556,0.2,0.8,1.0,0.3,0.1,0.1,0.3,1.3,2.3,davisjo06
110,Terence Davis,SG,25,SAC,58,4,13.1,2.4,5.5,.432,1.3,3.6,.373,1.0,1.9,.546,.555,0.6,0.7,.821,0.3,1.9,2.3,1.1,0.7,0.2,0.8,1.7,6.6,daviste02
111,JD Davison,PG,20,BOS,9,0,2.3,0.3,1.2,.273,0.0,0.3,.000,0.3,0.9,.375,.273,0.0,0.0,,0.1,0.4,0.6,0.4,0.2,0.0,0.1,0.2,0.7,davisjd01
112,Darius Days,PF,23,HOU,4,0,6.3,1.3,3.0,.417,0.8,2.5,.300,0.5,0.5,1.000,.542,0.5,0.5,1.000,0.3,1.3,1.5,0.3,0.0,0.3,0.0,0.5,3.8,daysda01
113,Dewayne Dedmon,C,33,TOT,35,0,10.9,2.0,3.9,.504,0.3,1.1,.289,1.7,2.8,.586,.544,0.9,1.3,.696,0.9,2.5,3.4,0.5,0.2,0.5,0.6,1.9,5.2,dedmode01
113,Dewayne Dedmon,C,33,MIA,30,0,11.7,2.1,4.3,.496,0.4,1.2,.297,1.8,3.1,.576,.539,1.1,1.5,.727,0.9,2.7,3.6,0.5,0.2,0.5,0.6,2.0,5.7,dedmode01
113,Dewayne Dedmon,C,33,PHI,5,0,6.6,1.0,1.6,.625,0.0,0.2,.000,1.0,1.4,.714,.625,0.0,0.4,.000,0.8,1.4,2.2,0.4,0.2,0.6,0.6,1.2,2.0,dedmode01
114,Matthew Dellavedova,PG,32,SAC,31,0,6.7,0.5,1.6,.340,0.3,0.9,.333,0.3,0.7,.348,.430,0.1,0.2,.571,0.0,0.4,0.4,1.3,0.2,0.0,0.3,0.6,1.5,dellama01
115,DeMar DeRozan,SF,33,CHI,66,66,36.5,9.0,17.8,.509,0.6,1.8,.331,8.5,16.0,.528,.525,6.4,7.4,.871,0.5,4.2,4.7,5.0,1.1,0.5,2.1,2.6,25.1,derozde01
116,Moussa Diabaté,PF,21,LAC,19,1,9.5,1.2,2.2,.524,0.1,0.1,.500,1.1,2.1,.525,.536,0.5,0.8,.625,1.5,0.8,2.4,0.2,0.3,0.3,0.5,0.8,2.9,diabamo01
117,Mamadi Diakite,PF,26,CLE,18,2,6.7,0.7,1.8,.394,0.2,0.8,.267,0.5,1.0,.500,.455,0.0,0.0,,0.3,0.7,1.0,0.2,0.1,0.4,0.4,1.0,1.7,diakima01
118,Hamidou Diallo,SG,24,DET,56,0,17.8,3.8,6.7,.573,0.1,0.4,.238,3.8,6.3,.593,.580,1.6,2.6,.588,1.0,2.4,3.5,1.0,0.9,0.3,1.3,2.2,9.3,diallha01
119,Gorgui Dieng,C,33,SAS,26,1,10.4,1.2,3.2,.369,0.5,2.1,.255,0.7,1.1,.586,.452,0.2,0.3,.750,0.9,1.9,2.8,1.5,0.2,0.4,0.9,1.7,3.2,dienggo01
120,Ousmane Dieng,SF,19,OKC,31,0,15.1,2.1,4.9,.424,0.8,2.6,.296,1.3,2.3,.571,.503,0.3,0.5,.588,0.5,2.4,2.8,1.1,0.4,0.2,0.6,1.1,5.2,diengou01
121,Spencer Dinwiddie,PG,29,TOT,72,72,34.5,5.9,13.3,.445,2.4,6.3,.380,3.6,7.1,.504,.535,3.5,4.3,.815,0.4,3.0,3.4,6.1,0.8,0.3,1.9,2.4,17.8,dinwisp01
121,Spencer Dinwiddie,PG,29,DAL,53,53,34.1,6.0,13.1,.455,2.6,6.4,.405,3.4,6.7,.504,.555,3.2,3.9,.821,0.4,2.7,3.1,5.3,0.7,0.3,1.7,2.3,17.7,dinwisp01
121,Spencer Dinwiddie,PG,29,BRK,19,19,35.5,5.9,14.1,.419,1.8,5.9,.304,4.1,8.2,.503,.483,4.3,5.3,.802,0.4,3.7,4.2,8.4,1.2,0.3,2.4,2.5,17.8,dinwisp01
122,Donte DiVincenzo,SG,26,GSW,65,30,26.4,3.2,7.5,.422,2.1,5.3,.398,1.0,2.2,.482,.564,0.8,0.9,.847,1.0,3.3,4.4,3.3,1.3,0.2,1.5,1.9,9.2,divindo01
123,Luka Dončić,PG,23,DAL,59,59,36.4,11.1,22.2,.499,2.7,8.0,.343,8.3,14.2,.587,.561,8.1,11.0,.735,0.8,7.8,8.6,8.2,1.4,0.5,3.7,2.6,32.9,doncilu01
124,Tyler Dorsey,SG,26,DAL,3,0,2.7,1.3,1.7,.800,0.3,0.7,.500,1.0,1.0,1.000,.900,0.0,0.0,,0.3,0.3,0.7,0.0,0.0,0.0,0.0,0.0,3.0,dorsety01
125,Luguentz Dort,SG,23,OKC,67,66,30.5,4.6,11.8,.394,1.9,5.6,.345,2.7,6.2,.439,.476,2.6,3.3,.782,1.6,2.9,4.4,2.2,1.0,0.3,1.3,3.3,13.8,dortlu01
126,Ayo Dosunmu,SG,23,CHI,71,50,26.8,3.6,7.2,.500,0.8,2.4,.324,2.8,4.8,.587,.554,0.9,1.1,.808,0.6,2.2,2.8,2.6,0.7,0.3,1.3,2.4,8.9,dosunay01
127,Devon Dotson,PG,23,WAS,6,0,8.8,0.2,1.7,.100,0.2,0.7,.250,0.0,1.0,.000,.150,0.0,0.0,,1.0,0.7,1.7,1.3,0.8,0.0,0.5,1.5,0.5,dotsode01
128,Jeff Dowtin,PG,25,TOR,20,0,9.8,1.2,2.6,.451,0.2,0.7,.308,1.0,1.9,.500,.490,0.3,0.4,.714,0.3,0.7,1.0,1.1,0.4,0.1,0.3,0.6,2.8,dowtije01
129,PJ Dozier,SG,26,SAC,10,0,2.3,0.3,1.0,.300,0.1,0.5,.200,0.2,0.5,.400,.350,0.0,0.0,,0.0,0.6,0.6,0.0,0.3,0.1,0.2,0.2,0.7,doziepj01
130,Goran Dragić,PG,36,CHI,51,0,15.4,2.5,5.9,.425,0.9,2.5,.352,1.6,3.4,.480,.500,0.5,0.8,.659,0.3,1.1,1.4,2.7,0.2,0.1,1.1,1.2,6.4,dragigo01
131,Andre Drummond,C,29,CHI,60,0,12.7,2.5,4.1,.601,0.0,0.1,.000,2.5,4.1,.608,.601,1.0,1.8,.538,2.1,4.6,6.6,0.5,0.7,0.4,1.2,1.9,5.9,drumman01
132,Chris Duarte,SF,25,IND,46,12,19.5,2.7,7.2,.369,1.2,3.8,.316,1.5,3.5,.428,.452,1.3,1.6,.847,0.4,2.1,2.5,1.4,0.5,0.2,0.9,1.4,7.9,duartch01
133,David Duke Jr.,SG,23,BRK,19,0,9.3,1.5,3.2,.459,0.1,0.4,.125,1.4,2.8,.509,.467,0.3,0.5,.556,0.4,0.7,1.1,0.8,0.4,0.1,0.8,1.4,3.3,dukeda01
134,Kris Dunn,PG,28,UTA,14,0,23.4,4.5,9.3,.485,0.8,2.0,.393,3.7,7.3,.510,.527,1.5,2.0,.750,0.4,3.8,4.2,5.2,1.1,0.4,1.4,2.7,11.3,dunnkr01
135,Kevin Durant,PF-SF,34,TOT,42,42,35.7,10.5,18.5,.566,1.9,4.8,.386,8.6,13.7,.629,.616,6.7,7.2,.931,0.4,6.4,6.8,5.2,0.8,1.5,3.4,2.3,29.5,duranke01
135,Kevin Durant,PF,34,BRK,39,39,36.0,10.5,18.8,.559,1.8,4.8,.376,8.7,14.0,.622,.607,6.8,7.3,.934,0.4,6.4,6.7,5.3,0.8,1.5,3.5,2.4,29.7,duranke01
135,Kevin Durant,SF,34,PHO,3,3,32.7,9.7,14.0,.690,2.3,4.3,.538,7.3,9.7,.759,.774,5.0,5.7,.882,0.3,7.0,7.3,3.7,0.3,1.3,2.0,1.7,26.7,duranke01
136,Jalen Duren,C,19,DET,59,27,24.5,3.7,5.8,.635,0.0,0.0,.000,3.7,5.7,.639,.635,1.4,2.2,.621,3.3,5.3,8.7,1.2,0.6,0.9,1.3,2.6,8.7,durenja01
137,Tari Eason,PF,21,HOU,74,5,21.0,3.6,7.8,.462,0.7,2.0,.358,2.9,5.8,.499,.509,1.3,1.8,.739,2.3,3.6,5.9,1.0,1.1,0.6,1.2,2.3,9.3,easonta01
138,Anthony Edwards,SG,21,MIN,71,71,36.0,9.0,19.4,.461,2.7,7.3,.371,6.2,12.1,.515,.531,4.1,5.3,.767,0.5,5.3,5.9,4.4,1.6,0.7,3.3,2.4,24.7,edwaran01
139,Kessler Edwards,SF,22,TOT,27,4,10.2,1.0,2.4,.394,0.4,1.4,.316,0.5,1.0,.500,.485,0.3,0.4,.750,0.6,1.0,1.6,0.6,0.3,0.1,0.4,1.0,2.7,edwarke02
139,Kessler Edwards,SF,22,BRK,14,1,5.6,0.4,1.7,.250,0.1,0.9,.167,0.3,0.9,.333,.292,0.1,0.1,.500,0.4,0.6,1.0,0.1,0.2,0.1,0.3,0.2,1.1,edwarke02
139,Kessler Edwards,SF,22,SAC,13,3,15.1,1.5,3.2,.476,0.8,2.0,.385,0.8,1.2,.625,.595,0.6,0.8,.800,0.8,1.4,2.2,1.0,0.3,0.2,0.5,1.9,4.5,edwarke02
140,Keon Ellis,SG,23,SAC,13,0,3.8,0.5,1.0,.538,0.5,0.8,.600,0.1,0.2,.333,.769,0.2,0.2,.667,0.3,0.3,0.6,0.3,0.2,0.1,0.1,0.7,1.7,elliske01
141,Joel Embiid,C,28,PHI,61,61,34.7,11.0,20.2,.545,1.0,3.0,.341,10.0,17.2,.581,.570,10.2,11.9,.856,1.8,8.4,10.2,4.2,1.1,1.7,3.5,3.1,33.3,embiijo01
142,Drew Eubanks,C,25,POR,71,21,19.5,2.5,3.7,.684,0.0,0.1,.429,2.5,3.6,.691,.690,1.0,1.5,.667,1.6,3.5,5.1,1.2,0.5,1.1,0.8,2.1,6.1,eubandr01
143,Bruno Fernando,C,24,TOT,35,4,10.7,1.4,2.8,.515,0.0,0.0,.000,1.4,2.7,.521,.515,0.9,1.3,.682,1.4,2.1,3.5,0.9,0.2,0.9,0.6,2.0,3.7,fernabr01
143,Bruno Fernando,C,24,HOU,31,4,11.7,1.5,3.0,.516,0.0,0.0,.000,1.5,3.0,.522,.516,1.0,1.4,.682,1.5,2.4,3.9,1.0,0.2,1.0,0.6,2.2,4.1,fernabr01
143,Bruno Fernando,C,24,ATL,4,0,2.5,0.5,1.0,.500,0.0,0.0,,0.5,1.0,.500,.500,0.0,0.0,,0.3,0.3,0.5,0.3,0.0,0.0,0.5,0.3,1.0,fernabr01
144,Dorian Finney-Smith,PF,29,TOT,60,60,30.8,2.9,7.6,.387,1.7,5.2,.329,1.2,2.4,.510,.499,0.7,0.9,.768,1.7,3.0,4.7,1.5,0.9,0.5,1.0,2.2,8.3,finnedo01
144,Dorian Finney-Smith,PF,29,DAL,40,40,32.2,3.2,7.8,.416,1.9,5.4,.355,1.3,2.3,.559,.540,0.8,1.0,.750,1.7,3.0,4.7,1.5,1.0,0.5,0.9,2.0,9.1,finnedo01
144,Dorian Finney-Smith,PF,29,BRK,20,20,27.9,2.4,7.3,.324,1.3,4.7,.269,1.1,2.6,.423,.410,0.7,0.8,.813,1.9,2.9,4.8,1.6,0.7,0.5,1.1,2.5,6.6,finnedo01
145,Malachi Flynn,PG,24,TOR,48,1,13.2,1.6,4.6,.356,0.9,2.6,.360,0.7,2.0,.351,.459,0.4,0.6,.724,0.3,1.2,1.5,1.4,0.4,0.1,0.5,1.3,4.6,flynnma01
146,Simone Fontecchio,SF,27,UTA,45,4,13.4,1.9,5.3,.364,1.1,3.3,.342,0.8,2.0,.400,.471,0.7,0.9,.825,0.5,0.9,1.4,0.8,0.2,0.2,0.7,1.1,5.7,fontesi01
147,Bryn Forbes,SG,29,MIN,25,0,10.7,1.2,3.3,.361,0.6,1.8,.304,0.6,1.5,.432,.446,0.6,0.6,1.000,0.2,0.4,0.6,0.7,0.3,0.1,0.5,0.9,3.6,forbebr01
148,Trent Forrest,PG,24,ATL,19,3,12.7,1.3,2.6,.480,0.0,0.1,.000,1.3,2.5,.500,.480,0.1,0.2,.667,0.3,1.3,1.5,1.6,0.3,0.1,0.6,0.8,2.6,forretr01
149,Michael Foster Jr.,PF,20,PHI,1,0,1.0,0.0,0.0,,0.0,0.0,,0.0,0.0,,,0.0,0.0,,0.0,0.0,0.0,0.0,0.0,0.0,0.0,0.0,0.0,fostemi02
150,Evan Fournier,SG,30,NYK,23,7,18.0,2.3,6.6,.351,1.4,4.4,.324,0.9,2.1,.408,.460,0.8,0.9,.857,0.2,1.8,2.0,1.5,0.6,0.1,0.8,1.9,6.8,fournev01
151,De'Aaron Fox,PG,25,SAC,66,66,33.8,9.4,18.2,.516,1.7,5.0,.338,7.7,13.3,.582,.562,4.8,6.2,.771,0.5,3.7,4.2,6.1,1.2,0.3,2.6,2.5,25.3,foxde01
152,Markelle Fultz,PG,24,ORL,53,53,30.2,5.8,11.4,.507,0.4,1.4,.297,5.4,10.0,.536,.525,2.1,2.6,.796,1.2,2.8,4.1,5.7,1.5,0.4,2.4,2.3,14.0,fultzma01
153,Wenyen Gabriel,PF,25,LAL,60,2,15.4,2.4,4.1,.601,0.2,0.6,.303,2.3,3.5,.648,.621,0.8,1.3,.625,1.8,2.5,4.3,0.5,0.4,0.5,0.7,2.2,5.9,gabriwe01
154,Daniel Gafford,C,24,WAS,72,41,20.1,3.5,4.7,.741,0.0,0.0,,3.5,4.7,.741,.741,1.5,2.3,.656,2.0,3.3,5.3,1.0,0.4,1.3,1.0,2.3,8.5,gaffoda01
155,Darius Garland,PG,23,CLE,64,64,35.2,7.6,16.2,.467,2.5,6.1,.414,5.0,10.1,.499,.545,4.1,4.8,.855,0.4,2.3,2.7,7.8,1.3,0.1,2.9,2.1,21.7,garlada01
156,Usman Garuba,PF,20,HOU,67,1,13.2,1.2,2.4,.513,0.4,0.7,.490,0.9,1.6,.523,.589,0.4,0.7,.591,1.7,2.6,4.3,0.9,0.6,0.4,0.7,1.8,3.2,garubus01
157,Luka Garza,C,24,MIN,26,0,9.0,2.3,4.3,.550,0.5,1.5,.368,1.8,2.8,.644,.613,1.6,2.0,.788,1.2,1.1,2.3,0.7,0.1,0.1,0.5,1.6,6.8,garzalu01
158,Rudy Gay,PF,36,UTA,56,0,14.6,1.9,5.1,.380,0.6,2.3,.254,1.4,2.8,.484,.437,0.8,0.9,.857,0.6,2.3,2.9,1.0,0.3,0.3,0.7,1.2,5.2,gayru01
159,Paul George,SG,32,LAC,56,56,34.6,8.2,17.9,.457,2.8,7.6,.371,5.4,10.3,.521,.536,4.6,5.3,.871,0.8,5.3,6.1,5.1,1.5,0.4,3.1,2.8,23.8,georgpa01
160,Taj Gibson,C,37,WAS,46,2,9.6,1.3,2.4,.536,0.1,0.4,.211,1.2,2.0,.602,.554,0.6,0.8,.684,0.7,1.3,1.9,0.7,0.3,0.3,0.5,1.7,3.3,gibsota01
161,Josh Giddey,SG,20,OKC,69,69,30.9,7.0,14.5,.485,1.0,3.0,.324,6.1,11.6,.526,.517,1.3,1.7,.754,2.0,5.8,7.9,6.1,0.8,0.4,2.9,2.0,16.3,giddejo01
162,Shai Gilgeous-Alexander,PG,24,OKC,63,63,35.5,10.4,20.4,.510,0.9,2.5,.353,9.5,17.9,.532,.532,9.6,10.7,.905,0.9,4.0,4.8,5.5,1.7,1.0,2.9,2.7,31.3,gilgesh01
163,Anthony Gill,PF,30,WAS,51,5,9.9,1.1,2.0,.570,0.1,0.4,.136,1.1,1.5,.692,.585,0.8,1.1,.796,0.6,0.9,1.5,0.5,0.1,0.2,0.2,1.2,3.1,gillan01
164,Rudy Gobert,C,30,MIN,62,62,30.7,5.3,8.0,.665,0.0,0.0,.000,5.3,8.0,.669,.665,3.2,5.0,.643,3.3,8.2,11.5,1.1,0.8,1.4,1.7,3.0,13.8,goberru01
165,Jordan Goodwin,PG,24,WAS,54,4,17.1,2.3,5.0,.460,0.6,1.6,.341,1.8,3.4,.516,.515,0.9,1.1,.754,0.9,2.2,3.1,2.4,0.9,0.4,0.8,1.6,6.0,goodwjo01
166,Aaron Gordon,PF,27,DEN,62,62,30.1,6.3,10.9,.578,0.9,2.6,.356,5.4,8.3,.646,.620,2.9,4.7,.623,2.3,4.2,6.5,2.9,0.8,0.7,1.5,1.9,16.4,gordoaa01
167,Eric Gordon,SG,34,TOT,63,52,29.0,4.3,9.6,.446,1.9,5.0,.368,2.4,4.5,.533,.543,2.1,2.6,.810,0.3,1.7,2.0,2.7,0.6,0.4,1.5,1.1,12.5,gordoer01
167,Eric Gordon,SG,34,HOU,47,47,30.2,4.5,10.2,.439,1.8,5.2,.347,2.7,5.0,.536,.528,2.3,2.9,.815,0.3,1.8,2.1,2.9,0.6,0.4,1.8,1.0,13.1,gordoer01
167,Eric Gordon,SG,34,LAC,16,5,25.8,3.7,7.8,.472,2.0,4.6,.438,1.7,3.3,.519,.600,1.4,1.8,.786,0.3,1.6,1.8,2.2,0.6,0.4,0.9,1.7,10.8,gordoer01
168,Devonte' Graham,PG,27,TOT,68,6,18.0,2.2,5.9,.379,1.6,4.6,.358,0.6,1.3,.459,.520,1.3,1.7,.759,0.3,1.4,1.6,2.7,0.6,0.2,0.7,1.0,7.4,grahade01
168,Devonte' Graham,PG,27,NOP,53,0,15.3,1.6,4.4,.368,1.2,3.6,.347,0.4,0.8,.463,.511,0.8,1.1,.746,0.2,1.1,1.4,2.2,0.6,0.2,0.5,0.9,5.3,grahade01
168,Devonte' Graham,PG,27,SAS,15,6,27.5,4.4,11.1,.395,3.1,8.2,.374,1.3,2.9,.455,.533,2.9,3.8,.772,0.5,2.1,2.6,4.4,0.7,0.3,1.3,1.5,14.8,grahade01
169,Jerami Grant,PF,28,POR,63,63,35.7,6.9,14.5,.475,2.3,5.7,.401,4.6,8.8,.523,.554,4.4,5.4,.813,0.8,3.7,4.5,2.4,0.8,0.8,1.8,2.4,20.5,grantje01
170,A.J. Green,SG,23,MIL,32,0,9.4,1.5,3.4,.440,1.2,2.8,.429,0.3,0.6,.500,.619,0.1,0.1,1.000,0.2,1.0,1.2,0.6,0.2,0.0,0.3,0.9,4.3,greenaj01
171,Danny Green,SG,35,TOT,9,0,9.8,1.0,2.6,.391,0.9,2.0,.444,0.1,0.6,.200,.565,0.1,0.1,1.000,0.2,0.6,0.8,0.2,0.3,0.1,0.7,1.1,3.0,greenda02
171,Danny Green,SG,35,MEM,3,0,14.3,1.0,3.7,.273,1.0,2.7,.375,0.0,1.0,.000,.409,0.0,0.0,,0.3,1.0,1.3,0.7,0.3,0.0,1.0,2.0,3.0,greenda02
171,Danny Green,SG,35,CLE,6,0,7.5,1.0,2.0,.500,0.8,1.7,.500,0.2,0.3,.500,.708,0.2,0.2,1.000,0.2,0.3,0.5,0.0,0.3,0.2,0.5,0.7,3.0,greenda02
172,Draymond Green,PF,32,GSW,66,66,31.4,3.4,6.5,.528,0.6,1.8,.311,2.9,4.7,.612,.571,1.1,1.5,.707,0.8,6.4,7.3,6.8,1.0,0.8,2.6,3.1,8.5,greendr01
173,Jalen Green,SG,20,HOU,68,68,34.1,7.4,17.9,.413,2.5,7.4,.336,4.9,10.5,.468,.483,4.6,5.8,.793,0.6,3.3,3.9,3.6,0.8,0.3,2.7,1.8,21.9,greenja05
174,JaMychal Green,PF,32,GSW,55,1,14.2,2.5,4.5,.542,0.8,2.0,.382,1.7,2.5,.669,.627,0.9,1.2,.776,1.3,2.4,3.7,0.9,0.5,0.4,0.9,1.9,6.6,greenja01
175,Javonte Green,SG,29,CHI,30,1,15.5,2.0,3.5,.581,0.4,1.1,.382,1.6,2.4,.676,.643,1.0,1.4,.674,0.9,1.9,2.8,0.8,0.8,0.7,0.7,1.7,5.5,greenja02
176,Jeff Green,PF,36,DEN,50,3,19.2,2.9,5.8,.500,0.5,1.7,.299,2.4,4.1,.585,.545,1.4,1.9,.729,0.6,1.8,2.5,1.1,0.3,0.3,0.8,1.8,7.8,greenje02
177,Josh Green,SG,22,DAL,54,20,25.8,3.5,6.6,.534,1.2,2.9,.408,2.4,3.7,.632,.623,1.2,1.7,.720,0.9,2.0,3.0,1.8,0.7,0.1,1.3,2.6,9.5,greenjo02
178,AJ Griffin,SF,19,ATL,66,11,19.4,3.5,7.4,.469,1.4,3.6,.382,2.1,3.8,.552,.563,0.6,0.6,.905,0.5,1.6,2.1,1.0,0.6,0.2,0.6,1.2,8.9,griffaj01
179,Blake Griffin,C,33,BOS,34,14,14.4,1.7,3.5,.492,0.6,1.7,.345,1.1,1.8,.633,.576,0.5,0.8,.615,1.1,2.6,3.7,1.3,0.4,0.2,0.5,1.9,4.5,griffbl01
180,Quentin Grimes,SG,22,NYK,64,59,29.1,3.6,7.9,.455,2.0,5.3,.371,1.6,2.6,.627,.580,1.0,1.3,.795,0.7,2.4,3.1,1.9,0.6,0.4,1.0,2.5,10.1,grimequ01
181,Rui Hachimura,PF,24,TOT,56,9,23.5,4.5,9.3,.483,0.9,2.6,.340,3.6,6.8,.537,.530,1.4,1.9,.748,0.8,3.6,4.3,0.9,0.3,0.4,0.9,1.1,11.3,hachiru01
181,Rui Hachimura,PF,24,WAS,30,0,24.3,5.3,10.8,.488,1.0,3.0,.337,4.3,7.8,.545,.534,1.5,1.9,.759,0.6,3.6,4.3,1.2,0.4,0.4,1.2,1.3,13.0,hachiru01
181,Rui Hachimura,PF,24,LAL,26,9,22.6,3.6,7.6,.475,0.7,2.1,.345,2.9,5.5,.524,.523,1.4,1.9,.735,0.9,3.5,4.4,0.6,0.3,0.3,0.5,0.9,9.3,hachiru01
182,Tyrese Haliburton,PG,22,IND,56,56,33.6,7.4,15.0,.490,2.9,7.2,.400,4.5,7.8,.572,.586,3.1,3.6,.871,0.6,3.1,3.7,10.4,1.6,0.4,2.5,1.2,20.7,halibty01
183,Jordan Hall,SF,21,SAS,9,0,9.2,1.0,3.1,.321,0.3,1.7,.200,0.7,1.4,.462,.375,0.8,1.0,.778,0.3,1.0,1.3,1.2,0.1,0.0,0.8,0.7,3.1,halljo02
184,R.J. Hampton,PG,21,TOT,39,1,15.3,2.1,4.7,.440,0.8,2.3,.375,1.2,2.5,.500,.530,1.3,1.6,.766,0.4,1.3,1.6,1.2,0.6,0.2,0.9,0.9,6.3,hamptrj01
184,R.J. Hampton,PG,21,ORL,26,0,13.9,1.9,4.4,.439,0.7,2.0,.340,1.2,2.3,.525,.518,1.2,1.4,.838,0.3,1.2,1.5,1.3,0.6,0.2,0.8,0.8,5.7,hamptrj01
184,R.J. Hampton,PG,21,DET,13,1,18.2,2.4,5.4,.443,1.2,2.7,.429,1.2,2.7,.457,.550,1.4,2.1,.667,0.5,1.5,1.9,1.0,0.6,0.2,1.1,1.2,7.3,hamptrj01
185,Tim Hardaway Jr.,SG,30,DAL,65,40,30.2,4.7,11.9,.391,2.9,7.8,.376,1.7,4.2,.419,.514,1.7,2.3,.764,0.3,3.2,3.6,1.7,0.7,0.2,0.8,1.6,14.0,hardati02
186,James Harden,PG,33,PHI,53,53,36.9,6.5,14.6,.441,2.8,7.3,.384,3.6,7.3,.497,.537,5.7,6.5,.867,0.7,5.7,6.3,10.8,1.2,0.5,3.4,1.9,21.4,hardeja01
187,Jaden Hardy,SG,20,DAL,40,3,14.4,2.9,6.8,.430,1.3,3.2,.398,1.7,3.6,.458,.524,1.5,1.8,.836,0.2,1.6,1.8,1.2,0.3,0.1,0.9,1.4,8.7,hardyja02
188,Ron Harper Jr.,SF,22,TOR,4,0,3.5,1.0,1.8,.571,0.5,1.0,.500,0.5,0.8,.667,.714,0.0,0.0,,0.3,0.3,0.5,0.0,0.0,0.0,0.0,0.0,2.5,harpero02
189,Montrezl Harrell,C,29,PHI,52,7,12.1,2.2,3.6,.599,0.0,0.0,.000,2.2,3.6,.605,.599,1.1,1.6,.694,1.2,1.5,2.7,0.6,0.3,0.5,0.6,1.4,5.4,harremo01
190,Gary Harris,SG,28,ORL,43,37,25.1,3.0,6.5,.459,2.0,4.7,.440,1.0,1.9,.506,.616,0.6,0.7,.900,0.5,1.6,2.0,1.2,1.0,0.2,0.6,2.0,8.7,harriga01
191,Joe Harris,SG,31,BRK,67,33,21.4,2.8,6.1,.458,1.9,4.5,.428,0.9,1.6,.548,.618,0.2,0.4,.625,0.3,2.0,2.3,1.4,0.5,0.2,0.6,2.0,7.7,harrijo01
192,Kevon Harris,SG,25,ORL,31,0,12.4,1.1,2.7,.410,0.4,1.0,.367,0.7,1.7,.434,.476,0.7,0.9,.815,0.8,1.1,1.9,0.4,0.5,0.1,0.5,1.4,3.3,harrike01
193,Tobias Harris,PF,30,PHI,69,69,33.2,5.8,11.7,.501,1.8,4.5,.396,4.1,7.2,.567,.577,1.5,1.8,.869,0.9,4.9,5.8,2.5,0.9,0.6,1.2,2.0,15.0,harrito02
194,Josh Hart,SF-SG,27,TOT,69,51,32.6,3.7,6.9,.526,0.8,2.2,.370,2.8,4.7,.600,.586,1.8,2.4,.750,1.9,5.9,7.8,3.9,1.1,0.2,1.5,2.6,9.9,hartjo01
194,Josh Hart,SF,27,POR,51,51,33.4,3.6,7.1,.504,0.7,2.2,.304,2.9,4.9,.594,.551,1.7,2.3,.731,1.9,6.3,8.2,3.9,1.1,0.2,1.5,2.6,9.5,hartjo01
194,Josh Hart,SG,27,NYK,18,0,30.3,3.8,6.4,.595,1.3,2.3,.548,2.6,4.1,.622,.694,2.0,2.5,.800,1.8,4.9,6.7,3.8,1.4,0.4,1.5,2.6,10.9,hartjo01
195,Isaiah Hartenstein,C,24,NYK,75,7,19.6,2.1,4.0,.520,0.1,0.5,.216,2.0,3.5,.563,.534,0.6,0.8,.746,2.7,3.9,6.6,1.0,0.6,0.8,0.8,2.6,4.8,harteis01
196,Udonis Haslem,C,42,MIA,6,1,7.7,0.2,2.0,.083,0.0,0.3,.000,0.2,1.7,.100,.083,0.2,0.3,.500,0.7,0.7,1.3,0.0,0.2,0.2,0.0,1.3,0.5,hasleud01
197,Sam Hauser,PF,25,BOS,72,4,15.6,2.1,4.7,.452,1.7,4.0,.420,0.5,0.7,.623,.629,0.2,0.2,.706,0.5,2.0,2.5,0.7,0.3,0.3,0.3,1.3,6.1,hausesa01
198,Jaxson Hayes,C,22,NOP,45,2,13.4,1.9,3.4,.559,0.1,0.6,.111,1.8,2.8,.656,.569,1.3,1.8,.699,0.9,2.0,2.9,0.8,0.4,0.4,0.7,1.5,5.1,hayesja02
199,Killian Hayes,PG,21,DET,68,48,27.4,3.9,10.5,.373,1.1,3.7,.285,2.8,6.7,.421,.423,0.9,1.2,.810,0.3,2.4,2.8,6.2,1.4,0.4,2.2,2.9,9.8,hayeski01
200,Gordon Hayward,SF,32,CHO,49,49,31.5,5.5,11.6,.473,1.0,3.2,.321,4.4,8.3,.532,.518,2.5,3.1,.805,0.7,3.6,4.3,4.1,0.9,0.2,2.0,1.4,14.5,haywago01
201,Juancho Hernangómez,PF,27,TOR,42,10,14.6,1.1,2.7,.421,0.4,1.6,.254,0.7,1.1,.660,.496,0.2,0.4,.563,0.6,2.3,2.9,0.6,0.4,0.1,0.4,1.0,2.9,hernaju01
202,Willy Hernangómez,C,28,NOP,37,2,12.2,2.4,4.5,.524,0.1,0.3,.273,2.3,4.2,.542,.533,2.2,2.8,.779,1.6,3.2,4.8,0.9,0.5,0.4,1.1,1.7,7.0,hernawi01
203,Tyler Herro,SG,23,MIA,61,61,35.2,7.3,16.7,.438,3.0,8.1,.377,4.3,8.6,.495,.529,2.6,2.8,.929,0.4,5.1,5.6,4.3,0.8,0.3,2.4,1.6,20.3,herroty01
204,Buddy Hield,SF,30,IND,75,73,31.6,6.0,13.2,.454,3.6,8.6,.421,2.4,4.6,.514,.591,1.3,1.6,.826,0.9,4.2,5.0,2.8,1.2,0.3,1.8,2.0,16.9,hieldbu01
205,Haywood Highsmith,SF,26,MIA,50,9,17.8,1.7,4.0,.429,0.7,2.1,.350,1.0,1.9,.516,.520,0.2,0.5,.462,1.0,2.4,3.4,0.7,0.7,0.3,0.7,1.5,4.4,highsha01
206,George Hill,PG,36,TOT,42,1,18.5,1.7,3.7,.455,0.7,2.1,.322,1.0,1.6,.627,.545,0.9,1.1,.750,0.3,1.6,1.9,2.4,0.6,0.1,0.8,1.2,4.9,hillge01
206,George Hill,PG,36,MIL,35,0,19.1,1.7,3.8,.447,0.7,2.1,.311,1.0,1.7,.621,.534,1.0,1.3,.739,0.4,1.5,1.9,2.5,0.5,0.1,0.8,1.2,5.0,hillge01
206,George Hill,PG,36,IND,7,1,15.3,1.6,3.1,.500,0.7,1.9,.385,0.9,1.3,.667,.614,0.3,0.3,1.000,0.1,1.7,1.9,1.7,0.7,0.4,0.7,1.1,4.1,hillge01
207,Malcolm Hill,SF,27,CHI,5,0,1.8,0.4,0.8,.500,0.2,0.6,.333,0.2,0.2,1.000,.625,0.0,0.0,,0.0,0.6,0.6,0.0,0.0,0.0,0.0,0.2,1.0,hillma01
208,Aaron Holiday,PG,26,ATL,57,5,13.7,1.5,3.5,.423,0.6,1.4,.418,0.9,2.1,.426,.505,0.4,0.5,.833,0.4,0.8,1.2,1.4,0.6,0.2,0.6,1.3,4.0,holidaa01
209,Jrue Holiday,PG,32,MIL,62,60,32.7,7.1,15.1,.471,2.3,6.2,.379,4.8,8.9,.535,.549,2.3,2.6,.866,1.1,3.9,5.0,7.3,1.2,0.4,2.9,1.7,18.9,holidjr01
210,Justin Holiday,SG,33,TOT,41,2,15.3,1.7,4.4,.385,1.1,3.1,.344,0.6,1.2,.490,.508,0.0,0.0,.000,0.1,1.0,1.1,0.9,0.4,0.4,0.5,1.5,4.4,holidju01
210,Justin Holiday,SG,33,ATL,28,0,14.7,1.7,4.5,.384,1.1,3.1,.345,0.6,1.4,.474,.504,0.0,0.0,,0.1,0.8,0.8,0.9,0.2,0.4,0.4,1.3,4.5,holidju01
210,Justin Holiday,SG,33,DAL,13,2,16.8,1.6,4.2,.389,1.1,3.2,.341,0.5,1.0,.538,.519,0.0,0.2,.000,0.2,1.5,1.6,0.9,0.8,0.6,0.6,1.9,4.3,holidju01
211,Richaun Holmes,C,29,SAC,37,1,8.5,1.3,2.0,.662,0.1,0.1,.800,1.2,1.9,.652,.689,0.4,0.5,.824,0.7,1.3,2.0,0.1,0.1,0.3,0.4,1.3,3.1,holmeri01
212,Al Horford,C,36,BOS,58,58,30.9,3.6,7.5,.485,2.3,5.0,.457,1.4,2.5,.541,.637,0.3,0.4,.714,1.2,5.0,6.2,2.9,0.5,0.9,0.6,1.9,9.8,horfoal01
213,Talen Horton-Tucker,SG,22,UTA,60,15,19.1,3.5,8.4,.412,0.8,2.9,.275,2.7,5.5,.482,.458,1.6,2.2,.752,0.6,2.5,3.0,3.5,0.6,0.5,1.9,1.7,9.3,hortota01
214,Danuel House Jr.,SF,29,PHI,48,4,14.3,1.5,3.1,.480,0.7,1.9,.356,0.8,1.3,.667,.587,0.6,0.9,.705,0.2,1.5,1.7,0.7,0.3,0.2,0.5,1.2,4.3,houseda01
215,Caleb Houstan,SF,20,ORL,44,2,15.3,1.3,3.3,.389,0.9,2.4,.365,0.4,0.9,.450,.521,0.3,0.3,.846,0.7,1.4,2.1,0.5,0.2,0.1,0.3,1.4,3.7,houstca01
216,Trevor Hudgins,PG,23,HOU,5,0,5.6,0.4,1.8,.222,0.4,1.6,.250,0.0,0.2,.000,.333,0.6,0.6,1.000,0.0,0.0,0.0,0.6,0.0,0.0,0.2,0.2,1.8,hudgitr01
217,Kevin Huerter,SG,24,SAC,68,68,29.7,5.6,11.5,.488,2.8,6.8,.407,2.9,4.8,.604,.608,1.4,1.9,.719,0.6,2.8,3.4,3.0,1.1,0.3,1.3,2.4,15.4,huertke01
218,Jay Huff,C,24,WAS,3,0,4.0,0.3,0.7,.500,0.0,0.3,.000,0.3,0.3,1.000,.500,1.7,1.7,1.000,0.0,1.3,1.3,0.3,0.0,0.0,0.7,0.3,2.3,huffja01
219,De'Andre Hunter,SF,25,ATL,64,63,31.4,5.6,12.0,.464,1.5,4.2,.361,4.1,7.8,.519,.527,2.6,3.2,.822,0.7,3.5,4.2,1.4,0.5,0.3,1.2,2.9,15.3,huntede01
220,Bones Hyland,PG,22,TOT,49,1,19.2,4.0,10.1,.397,2.1,5.6,.376,1.9,4.5,.423,.501,1.6,1.9,.851,0.3,1.9,2.2,3.0,0.7,0.3,1.6,1.7,11.8,hylanbo01
220,Bones Hyland,PG,22,DEN,42,1,19.5,4.1,10.3,.399,2.2,5.7,.378,2.0,4.6,.425,.503,1.7,2.0,.866,0.2,1.8,2.0,3.0,0.7,0.3,1.6,1.6,12.1,hylanbo01
220,Bones Hyland,PG,22,LAC,7,0,17.3,3.4,8.9,.387,1.7,4.7,.364,1.7,4.1,.414,.484,1.3,1.7,.750,1.0,2.4,3.4,3.1,0.6,0.1,1.3,2.6,9.9,hylanbo01
221,Serge Ibaka,C,33,MIL,16,0,11.6,1.6,3.4,.481,0.4,1.1,.333,1.3,2.3,.556,.537,0.5,0.8,.615,0.9,1.8,2.8,0.3,0.1,0.4,0.7,1.4,4.1,ibakase01
222,Andre Iguodala,SF,39,GSW,8,0,14.1,0.9,1.9,.467,0.1,1.1,.111,0.8,0.8,1.000,.500,0.3,0.4,.667,0.4,1.8,2.1,2.4,0.5,0.4,1.1,1.4,2.1,iguodan01
223,Joe Ingles,SF,35,MIL,40,0,22.9,2.4,5.5,.441,1.8,4.5,.410,0.6,1.1,.571,.607,0.5,0.5,.857,0.3,2.7,3.0,3.2,0.7,0.1,1.2,1.7,7.1,inglejo01
224,Brandon Ingram,SF,25,NOP,37,37,33.2,8.7,18.2,.477,1.6,4.0,.399,7.1,14.2,.499,.521,4.9,5.6,.880,0.4,4.6,5.0,5.4,0.6,0.4,3.1,2.6,23.9,ingrabr01
225,Kyrie Irving,PG,30,TOT,54,54,37.1,9.9,20.2,.490,3.2,8.5,.377,6.7,11.7,.573,.570,4.2,4.6,.896,1.0,4.1,5.2,5.5,1.0,0.7,2.2,2.8,27.2,irvinky01
225,Kyrie Irving,PG,30,BRK,40,40,37.0,10.0,20.5,.486,3.3,8.7,.374,6.7,11.8,.569,.565,4.0,4.5,.883,1.0,4.2,5.1,5.3,1.0,0.8,2.3,2.7,27.1,irvinky01
225,Kyrie Irving,PG,30,DAL,14,14,37.6,9.9,19.6,.504,3.1,8.1,.389,6.7,11.5,.584,.584,4.8,5.1,.931,1.2,4.1,5.4,6.1,1.1,0.5,2.1,2.9,27.6,irvinky01
226,Jonathan Isaac,PF,25,ORL,11,0,11.3,2.0,4.8,.415,0.5,1.4,.400,1.5,3.5,.421,.472,0.5,0.8,.556,1.4,2.6,4.0,0.5,1.3,0.4,0.4,0.5,5.0,isaacjo01
227,Jaden Ivey,SG,20,DET,66,65,30.6,5.2,12.7,.412,1.5,4.4,.331,3.7,8.2,.456,.470,3.5,4.8,.730,1.0,2.9,3.9,4.9,0.8,0.3,3.0,3.2,15.4,iveyja01
228,Frank Jackson,PG,24,UTA,1,0,5.0,0.0,3.0,.000,0.0,1.0,.000,0.0,2.0,.000,.000,0.0,0.0,,1.0,1.0,2.0,1.0,0.0,0.0,0.0,0.0,0.0,jacksfr01
229,Isaiah Jackson,C,21,IND,56,8,15.7,2.8,4.8,.576,0.0,0.3,.143,2.7,4.6,.600,.580,1.4,2.2,.653,1.7,2.6,4.2,0.8,0.5,1.4,0.8,2.3,7.0,jacksis01
230,Jaren Jackson Jr.,C,23,MEM,56,56,28.1,6.4,12.8,.500,1.5,4.5,.333,4.9,8.3,.591,.559,3.7,4.8,.780,1.7,5.0,6.6,0.9,1.0,3.0,1.6,3.5,18.0,jacksja02
231,Justin Jackson,SF,27,BOS,23,0,4.7,0.3,1.2,.259,0.2,0.9,.250,0.1,0.3,.286,.352,0.0,0.1,.500,0.1,0.7,0.7,0.4,0.2,0.2,0.1,0.3,0.9,jacksju01
232,Quenton Jackson,PG,24,WAS,4,0,2.8,0.8,1.5,.500,0.3,0.8,.333,0.5,0.8,.667,.583,0.0,0.0,,0.3,0.0,0.3,0.3,0.3,0.0,0.0,0.3,1.8,jacksqu01
233,Reggie Jackson,PG,32,TOT,62,38,24.6,3.8,9.4,.405,1.4,4.1,.342,2.4,5.2,.455,.481,1.1,1.2,.905,0.4,1.7,2.1,3.4,0.7,0.1,1.7,1.7,10.1,jacksre01
233,Reggie Jackson,PG,32,LAC,52,38,25.7,4.1,9.8,.418,1.5,4.2,.350,2.6,5.6,.469,.493,1.2,1.3,.924,0.4,1.8,2.2,3.5,0.7,0.1,1.8,1.8,10.9,jacksre01
233,Reggie Jackson,PG,32,DEN,10,0,18.6,2.2,7.0,.314,1.1,3.7,.297,1.1,3.3,.333,.393,0.6,0.8,.750,0.2,1.2,1.4,3.0,0.5,0.1,1.1,1.3,6.1,jacksre01
234,LeBron James,PF,38,LAL,47,47,36.1,11.3,22.6,.501,2.1,6.9,.308,9.2,15.7,.587,.549,4.8,6.3,.759,1.2,7.2,8.4,6.9,0.9,0.6,3.1,1.7,29.5,jamesle01
235,Ty Jerome,SG,25,GSW,44,2,18.5,2.7,5.5,.488,0.8,2.0,.389,1.9,3.5,.546,.560,0.9,0.9,.927,0.2,1.6,1.8,3.1,0.5,0.1,0.7,1.5,7.0,jeromty01
236,Isaiah Joe,SG,23,OKC,66,8,18.3,2.9,6.5,.448,2.2,5.2,.420,0.7,1.3,.557,.615,0.9,1.0,.826,0.3,2.0,2.3,1.1,0.6,0.1,0.5,1.4,8.9,joeis01
237,Alize Johnson,PF,26,SAS,4,0,7.5,0.8,1.5,.500,0.0,0.5,.000,0.8,1.0,.750,.500,0.3,0.5,.500,0.5,2.0,2.5,0.3,0.3,0.0,1.0,0.8,1.8,johnsal02
238,Cameron Johnson,PF,26,TOT,35,34,27.9,5.1,11.2,.454,2.5,6.3,.401,2.5,4.9,.524,.568,2.4,2.9,.822,0.7,3.5,4.3,1.7,1.2,0.3,0.7,2.0,15.1,johnsca02
238,Cameron Johnson,PF,26,PHO,17,16,25.2,4.8,10.2,.474,2.6,5.8,.455,2.2,4.4,.500,.604,1.6,1.9,.818,0.8,3.0,3.8,1.5,0.9,0.4,0.6,1.7,13.9,johnsca02
238,Cameron Johnson,PF,26,BRK,18,18,30.4,5.3,12.2,.438,2.4,6.8,.358,2.9,5.3,.542,.539,3.1,3.8,.824,0.7,4.0,4.7,1.9,1.4,0.3,0.9,2.3,16.2,johnsca02
239,Jalen Johnson,SF,21,ATL,64,6,14.5,2.0,4.3,.480,0.4,1.4,.292,1.6,2.9,.571,.527,0.7,1.0,.652,0.7,3.2,3.9,1.0,0.5,0.4,0.5,1.5,5.2,johnsja05
240,James Johnson,PF,35,IND,15,1,8.7,1.1,2.5,.421,0.2,0.9,.231,0.9,1.7,.520,.461,0.3,0.5,.500,0.1,1.3,1.5,0.7,0.3,0.4,0.3,1.8,2.6,johnsja01
241,Keldon Johnson,SF,23,SAS,61,61,32.8,8.0,17.6,.453,2.1,6.4,.332,5.8,11.1,.524,.514,3.9,5.2,.748,0.9,4.2,5.1,2.9,0.7,0.2,2.1,2.0,22.0,johnske04
242,Keon Johnson,SG,20,POR,38,0,9.6,1.5,4.1,.364,0.6,1.8,.329,0.9,2.2,.393,.438,0.5,0.8,.645,0.3,0.8,1.1,1.3,0.5,0.2,0.9,1.1,4.1,johnske07
243,Stanley Johnson,SF,26,SAS,30,0,15.6,2.2,4.1,.533,0.6,1.3,.450,1.6,2.7,.573,.607,0.9,1.3,.667,0.7,2.4,3.2,2.2,0.5,0.2,1.1,1.6,5.8,johnsst04
244,Nikola Jokić,C,27,DEN,66,66,33.9,9.5,15.0,.633,0.9,2.2,.390,8.7,12.8,.675,.662,5.0,6.1,.823,2.5,9.4,11.8,9.9,1.3,0.6,3.5,2.5,24.9,jokicni01
245,Carlik Jones,PG,25,CHI,2,0,11.5,0.5,2.5,.200,0.0,0.5,.000,0.5,2.0,.250,.200,0.5,2.0,.250,0.5,1.0,1.5,1.0,0.0,0.0,0.5,0.5,1.5,jonesca03
246,Damian Jones,C,27,TOT,34,1,9.7,1.1,1.8,.581,0.1,0.3,.444,0.9,1.6,.604,.613,0.6,0.7,.760,1.0,1.6,2.6,0.3,0.2,0.6,0.4,1.1,2.8,jonesda03
246,Damian Jones,C,27,LAL,22,1,8.0,0.9,1.7,.541,0.0,0.1,.000,0.9,1.5,.588,.541,0.7,0.9,.750,0.8,1.7,2.5,0.2,0.1,0.5,0.4,0.8,2.5,jonesda03
246,Damian Jones,C,27,UTA,12,0,12.8,1.3,2.1,.640,0.3,0.5,.667,1.0,1.6,.632,.720,0.3,0.4,.800,1.3,1.6,2.9,0.5,0.3,0.7,0.5,1.7,3.3,jonesda03
247,Derrick Jones Jr.,SF,25,CHI,56,0,13.9,1.8,3.6,.508,0.4,1.1,.317,1.4,2.4,.596,.558,1.1,1.4,.766,0.9,1.4,2.4,0.6,0.4,0.6,0.4,1.3,5.0,jonesde02
248,Herbert Jones,SF,24,NOP,58,58,28.9,3.4,7.5,.457,0.7,2.5,.293,2.7,5.0,.542,.507,1.8,2.4,.739,1.5,2.5,4.0,2.4,1.6,0.6,1.3,3.2,9.4,joneshe01
249,Kai Jones,C,22,CHO,39,0,10.3,1.3,2.3,.557,0.1,0.3,.250,1.2,1.9,.605,.574,0.4,0.5,.750,0.8,1.6,2.4,0.2,0.3,0.6,0.5,1.4,3.0,joneska01
250,Tre Jones,PG,23,SAS,60,57,29.2,4.9,11.0,.444,0.6,2.4,.261,4.3,8.6,.494,.472,2.1,2.4,.870,0.8,2.7,3.5,6.4,1.3,0.2,1.6,1.5,12.5,jonestr01
251,Tyus Jones,PG,26,MEM,73,20,24.1,4.0,8.9,.444,1.5,4.0,.386,2.4,4.9,.492,.531,1.0,1.3,.804,0.4,2.1,2.4,5.0,1.0,0.1,0.9,0.4,10.5,jonesty01
252,DeAndre Jordan,C,34,DEN,35,5,14.3,2.1,2.8,.773,0.0,0.0,1.000,2.1,2.7,.771,.778,0.5,1.2,.439,1.2,3.6,4.8,0.9,0.2,0.6,1.2,1.9,4.8,jordade01
253,Cory Joseph,PG,31,DET,54,2,18.5,2.2,5.2,.427,0.9,2.5,.376,1.3,2.7,.473,.516,1.0,1.2,.806,0.3,1.3,1.6,3.4,0.5,0.1,0.9,1.4,6.4,josepco01
254,Nikola Jović,PF,19,MIA,15,8,13.6,1.9,4.6,.406,0.5,2.3,.229,1.3,2.3,.588,.464,1.2,1.3,.947,0.6,1.5,2.1,0.7,0.5,0.1,0.7,1.3,5.5,jovicni01
255,Johnny Juzang,SF,21,UTA,12,0,11.3,1.5,4.8,.316,0.9,3.4,.268,0.6,1.3,.438,.412,0.2,0.3,.500,0.3,1.5,1.8,0.3,0.2,0.3,0.2,0.8,4.1,juzanjo01
256,Mfiondu Kabengele,PF,25,BOS,2,0,7.0,0.5,1.0,.500,0.0,0.5,.000,0.5,0.5,1.000,.500,0.0,0.0,,1.5,1.0,2.5,0.0,0.0,0.0,0.5,1.5,1.0,kabenmf01
257,Frank Kaminsky,C,29,TOT,33,0,6.4,0.8,1.7,.491,0.4,0.9,.400,0.5,0.8,.600,.600,0.4,0.5,.875,0.1,1.2,1.4,0.8,0.2,0.1,0.3,0.7,2.4,kaminfr01
257,Frank Kaminsky,C,29,ATL,26,0,6.8,1.0,1.7,.568,0.4,0.9,.478,0.5,0.8,.667,.693,0.4,0.5,.833,0.1,1.3,1.4,0.8,0.2,0.0,0.3,0.8,2.7,kaminfr01
257,Frank Kaminsky,C,29,HOU,7,0,5.1,0.3,1.6,.182,0.1,1.0,.143,0.1,0.6,.250,.227,0.6,0.6,1.000,0.1,1.1,1.3,1.0,0.1,0.3,0.0,0.1,1.3,kaminfr01
258,Trevor Keels,SG,19,NYK,2,0,2.0,0.5,1.5,.333,0.5,1.5,.333,0.0,0.0,,.500,0.0,0.0,,0.0,1.0,1.0,0.0,0.0,0.0,0.0,0.0,1.5,keelstr01
259,Luke Kennard,SG,26,TOT,52,11,21.2,2.9,6.1,.476,2.0,4.2,.486,0.9,1.9,.455,.644,0.7,0.7,.944,0.2,2.2,2.4,1.4,0.5,0.1,0.8,1.4,8.5,kennalu01
259,Luke Kennard,SG,26,LAC,35,11,20.7,2.8,6.0,.464,1.7,3.8,.447,1.1,2.3,.494,.604,0.5,0.6,.950,0.2,2.2,2.4,1.1,0.5,0.1,0.9,1.3,7.8,kennalu01
259,Luke Kennard,SG,26,MEM,17,0,22.3,3.1,6.2,.500,2.8,5.1,.547,0.4,1.2,.300,.722,0.9,0.9,.938,0.2,2.2,2.4,2.1,0.5,0.0,0.6,1.5,9.9,kennalu01
260,Walker Kessler,C,21,UTA,70,36,22.8,3.9,5.4,.722,0.0,0.0,.500,3.9,5.4,.723,.724,1.1,2.2,.523,3.1,5.2,8.3,0.9,0.4,2.3,0.8,2.3,8.9,kesslwa01
261,Braxton Key,SF,25,DET,3,0,3.0,0.3,0.3,1.000,0.0,0.0,,0.3,0.3,1.000,1.000,0.7,0.7,1.000,0.0,0.3,0.3,0.0,0.0,0.0,0.0,0.0,1.3,keybr01
262,Corey Kispert,SF,23,WAS,66,37,27.8,3.6,7.2,.498,2.0,4.8,.420,1.6,2.5,.646,.636,0.9,1.1,.847,0.4,2.3,2.8,1.2,0.5,0.1,0.7,1.3,10.1,kispeco01
263,Maxi Kleber,C,31,DAL,32,5,25.7,2.1,4.5,.462,1.0,2.9,.340,1.1,1.6,.686,.572,0.7,1.0,.667,0.9,2.9,3.8,1.3,0.3,0.8,0.6,2.3,5.9,klebima01
264,Nathan Knight,PF,25,MIN,36,0,7.9,1.2,2.2,.564,0.2,0.6,.364,1.0,1.6,.643,.615,1.1,1.5,.691,0.6,0.9,1.5,0.4,0.3,0.2,0.5,1.0,3.7,knighna01
265,Kevin Knox,PF-SF,23,TOT,54,1,12.8,1.9,3.9,.474,0.9,2.4,.359,1.0,1.5,.663,.585,0.5,0.7,.806,0.4,1.9,2.4,0.3,0.3,0.2,0.6,1.6,5.1,knoxke01
265,Kevin Knox,PF,23,DET,42,1,14.1,2.0,4.3,.469,1.0,2.8,.371,1.0,1.5,.651,.589,0.6,0.8,.788,0.5,2.1,2.6,0.4,0.3,0.3,0.8,1.8,5.6,knoxke01
265,Kevin Knox,SF,23,POR,12,0,8.1,1.3,2.7,.500,0.3,1.3,.267,1.0,1.4,.706,.563,0.3,0.3,1.000,0.3,1.3,1.6,0.3,0.2,0.0,0.1,0.8,3.3,knoxke01
266,Christian Koloko,C,22,TOR,51,19,14.0,1.2,2.6,.470,0.0,0.2,.100,1.2,2.4,.500,.474,0.7,1.1,.655,1.5,1.6,3.1,0.5,0.3,1.1,0.4,2.4,3.2,kolokch01
267,John Konchar,SG,26,MEM,65,22,21.0,1.9,4.5,.427,0.9,2.6,.351,1.0,1.9,.528,.527,0.4,0.5,.818,0.8,3.4,4.3,1.3,1.0,0.3,0.5,1.6,5.2,konchjo01
268,Furkan Korkmaz,SG,25,PHI,32,0,8.9,1.2,2.8,.427,0.4,1.2,.351,0.8,1.6,.481,.500,0.7,1.0,.688,0.2,0.8,1.0,0.6,0.2,0.1,0.6,0.3,3.5,korkmfu01
269,Luke Kornet,C,27,BOS,61,0,11.5,1.6,2.3,.685,0.0,0.2,.300,1.6,2.2,.714,.696,0.5,0.6,.811,1.3,1.6,2.8,0.7,0.2,0.7,0.4,1.2,3.8,kornelu01
270,Vit Krejci,PG,22,ATL,24,0,5.3,0.5,1.3,.419,0.2,0.8,.278,0.3,0.5,.615,.500,0.0,0.1,.500,0.1,0.5,0.6,0.5,0.1,0.0,0.2,0.5,1.3,krejcvi01
271,Jonathan Kuminga,PF,20,GSW,60,13,20.6,3.8,7.5,.511,0.8,2.3,.356,3.0,5.2,.578,.565,1.3,2.0,.653,1.0,2.3,3.4,1.9,0.6,0.5,1.5,2.4,9.7,kuminjo01
272,Kyle Kuzma,PF,27,WAS,64,64,35.0,8.0,17.8,.448,2.5,7.5,.333,5.5,10.3,.533,.518,2.7,3.7,.730,0.9,6.4,7.2,3.7,0.6,0.5,3.0,2.3,21.2,kuzmaky01
273,Anthony Lamb,SF,25,GSW,55,3,19.9,2.5,5.3,.473,1.3,3.5,.374,1.2,1.9,.657,.594,0.7,1.0,.759,0.9,2.6,3.5,1.6,0.5,0.3,0.9,2.3,7.1,lamban01
274,Jock Landale,C,27,PHO,65,3,14.2,2.5,4.8,.523,0.3,1.3,.244,2.2,3.5,.623,.555,1.2,1.6,.765,1.7,2.3,4.0,1.0,0.2,0.5,0.9,1.9,6.5,landajo01
275,Romeo Langford,SG,23,SAS,37,21,20.2,3.0,6.2,.478,0.4,1.4,.269,2.6,4.8,.539,.509,0.9,1.3,.681,1.4,1.4,2.8,1.2,0.5,0.4,0.6,1.7,7.2,langfro01
276,Jake LaRavia,PF,21,MEM,33,0,11.8,1.1,2.8,.385,0.7,2.0,.328,0.4,0.7,.542,.505,0.2,0.3,.778,0.5,1.3,1.8,0.6,0.4,0.1,0.5,1.5,3.0,laravja01
277,Zach LaVine,SG,27,CHI,69,69,36.3,8.7,18.1,.481,2.8,7.3,.385,5.9,10.9,.545,.558,4.8,5.6,.848,0.6,4.0,4.6,4.2,0.9,0.2,2.6,2.1,25.0,lavinza01
278,A.J. Lawson,SG,22,TOT,13,0,4.8,1.0,2.0,.500,0.5,1.2,.438,0.5,0.8,.600,.635,0.1,0.2,.333,0.2,0.6,0.8,0.1,0.1,0.0,0.1,0.6,2.6,lawsoaj01
278,A.J. Lawson,SG,22,MIN,1,0,2.0,1.0,1.0,1.000,0.0,0.0,,1.0,1.0,1.000,1.000,0.0,0.0,,0.0,1.0,1.0,0.0,0.0,0.0,0.0,1.0,2.0,lawsoaj01
278,A.J. Lawson,SG,22,DAL,12,0,5.1,1.0,2.1,.480,0.6,1.3,.438,0.4,0.8,.556,.620,0.1,0.3,.333,0.2,0.6,0.8,0.1,0.1,0.0,0.1,0.6,2.7,lawsoaj01
279,Damion Lee,SG,30,PHO,70,5,20.7,2.7,6.2,.444,1.5,3.4,.446,1.2,2.7,.443,.568,1.3,1.5,.902,0.5,2.6,3.1,1.4,0.4,0.1,1.1,1.6,8.3,leeda03
280,Saben Lee,PG,23,TOT,22,0,13.7,1.7,4.0,.420,0.3,0.9,.350,1.4,3.1,.441,.460,1.6,2.1,.766,0.5,1.2,1.7,2.5,0.7,0.0,1.0,1.2,5.3,leesa01
280,Saben Lee,PG,23,PHI,2,0,5.0,1.5,2.0,.750,0.0,0.5,.000,1.5,1.5,1.000,.750,0.0,0.0,,0.0,0.0,0.0,1.0,0.5,0.0,1.5,0.5,3.0,leesa01
280,Saben Lee,PG,23,PHO,20,0,14.6,1.7,4.2,.405,0.4,1.0,.368,1.4,3.3,.415,.446,1.8,2.4,.766,0.6,1.3,1.9,2.7,0.7,0.1,1.0,1.3,5.6,leesa01
281,Alex Len,C,29,SAC,18,1,3.2,0.3,0.7,.417,0.0,0.1,.000,0.3,0.6,.500,.417,0.2,0.2,.750,0.2,0.7,0.9,0.3,0.0,0.0,0.5,0.7,0.7,lenal01
282,Kawhi Leonard,SF,31,LAC,46,44,33.6,8.5,16.7,.512,1.9,4.7,.409,6.6,12.0,.552,.569,4.7,5.4,.867,1.2,5.2,6.3,3.9,1.5,0.5,1.7,1.6,23.7,leonaka01
283,Meyers Leonard,C,30,MIL,6,0,8.5,1.3,2.3,.571,0.8,1.7,.500,0.5,0.7,.750,.750,0.5,0.7,.750,0.3,1.8,2.2,0.0,0.2,0.0,0.3,1.2,4.0,leoname01
284,Caris LeVert,SG,28,CLE,69,28,30.0,4.3,10.1,.424,1.6,4.3,.379,2.6,5.8,.457,.505,1.8,2.5,.733,0.8,3.1,3.9,3.9,1.0,0.3,1.6,2.3,12.0,leverca01
285,Kira Lewis Jr.,PG,21,NOP,23,0,9.8,1.7,3.7,.442,0.6,1.4,.406,1.1,2.3,.463,.517,0.7,0.9,.850,0.2,1.2,1.4,0.9,0.4,0.1,0.4,1.0,4.6,lewiski01
286,Damian Lillard,PG,32,POR,58,58,36.3,9.6,20.7,.463,4.2,11.3,.371,5.4,9.4,.574,.564,8.8,9.6,.914,0.8,4.0,4.8,7.3,0.9,0.3,3.3,1.9,32.2,lillada01
287,Nassir Little,SF,22,POR,50,2,17.5,2.3,5.0,.454,1.0,2.7,.380,1.2,2.3,.544,.558,0.5,0.8,.692,0.5,2.1,2.6,0.9,0.3,0.4,0.6,1.2,6.1,littlna01
288,Isaiah Livers,PF,24,DET,47,17,22.6,2.2,5.4,.410,1.4,3.9,.350,0.9,1.6,.562,.535,0.6,0.7,.788,0.5,2.0,2.6,0.8,0.6,0.5,0.6,1.9,6.4,liveris01
289,Kenneth Lofton Jr.,PF,20,MEM,18,0,5.3,1.4,2.9,.500,0.3,0.7,.417,1.2,2.2,.525,.548,0.3,0.6,.545,0.5,0.9,1.4,0.9,0.2,0.1,0.3,1.0,3.5,loftoke01
290,Kevon Looney,C,26,GSW,75,66,23.7,3.1,4.7,.648,0.0,0.0,.000,3.1,4.7,.650,.648,1.1,1.9,.597,3.3,5.9,9.2,2.5,0.6,0.6,0.5,2.8,7.3,looneke01
291,Brook Lopez,C,34,MIL,72,72,30.4,6.0,11.5,.521,1.8,4.8,.375,4.2,6.6,.628,.601,1.8,2.3,.776,1.9,4.7,6.7,1.3,0.5,2.5,1.4,2.6,15.5,lopezbr01
292,Robin Lopez,C,34,CLE,34,1,7.5,1.1,1.8,.650,0.1,0.1,.667,1.1,1.7,.649,.667,0.4,0.5,.750,0.6,0.7,1.3,0.4,0.0,0.2,0.6,1.0,2.7,lopezro01
293,Kevin Love,PF,34,TOT,56,18,20.3,2.7,6.8,.389,1.6,4.8,.338,1.1,2.1,.504,.507,1.3,1.5,.880,1.0,5.6,6.6,1.9,0.2,0.2,1.2,1.6,8.2,loveke01
293,Kevin Love,PF,34,CLE,41,3,20.0,2.7,7.0,.389,1.7,4.8,.354,1.0,2.2,.467,.511,1.4,1.5,.889,1.0,5.8,6.8,1.9,0.2,0.2,1.1,1.6,8.5,loveke01
293,Kevin Love,PF,34,MIA,15,15,21.2,2.5,6.5,.388,1.4,4.7,.296,1.1,1.8,.630,.495,1.1,1.3,.850,0.9,5.1,6.0,2.0,0.4,0.2,1.2,1.7,7.6,loveke01
294,Kyle Lowry,PG,36,MIA,50,44,32.2,3.7,9.2,.407,2.0,5.8,.351,1.7,3.4,.506,.519,2.1,2.5,.854,0.8,3.4,4.2,5.1,1.0,0.4,2.0,2.7,11.6,lowryky01
295,Trey Lyles,PF,27,SAC,66,0,16.7,2.6,5.4,.475,1.2,3.2,.373,1.4,2.3,.617,.584,1.5,1.8,.814,0.9,3.0,3.9,0.9,0.3,0.4,0.8,1.3,7.8,lylestr01
296,Théo Maledon,PG,21,CHO,37,1,16.3,1.8,4.4,.404,0.6,1.7,.328,1.2,2.6,.454,.469,1.3,1.5,.875,0.2,2.1,2.4,2.4,0.7,0.2,0.9,1.1,5.4,maledth01
297,Sandro Mamukelashvili,C,23,TOT,35,3,13.0,1.6,4.1,.386,0.6,2.0,.286,1.0,2.1,.480,.455,0.7,1.1,.684,1.3,2.3,3.5,1.1,0.3,0.3,0.6,1.3,4.5,mamuksa01
297,Sandro Mamukelashvili,C,23,MIL,24,0,9.0,0.8,2.4,.328,0.3,1.3,.219,0.5,1.1,.462,.388,0.5,0.8,.667,0.8,1.6,2.3,0.7,0.2,0.2,0.4,0.8,2.4,mamuksa01
297,Sandro Mamukelashvili,C,23,SAS,11,3,21.7,3.4,7.9,.425,1.2,3.5,.342,2.2,4.5,.490,.500,1.3,1.8,.700,2.5,3.7,6.2,2.0,0.5,0.4,1.0,2.3,9.2,mamuksa01
298,Terance Mann,SG,26,LAC,74,35,23.0,3.4,6.5,.526,0.9,2.4,.388,2.5,4.1,.607,.597,1.2,1.5,.782,1.0,2.5,3.5,2.3,0.5,0.3,1.0,1.8,9.0,mannte01
299,Tre Mann,PG,21,OKC,61,4,17.9,3.0,7.7,.388,1.3,4.0,.316,1.7,3.7,.466,.470,0.6,0.8,.740,0.4,1.9,2.3,1.7,0.6,0.2,0.9,1.5,7.8,manntr01
300,Boban Marjanović,C,34,HOU,26,0,5.0,1.3,1.8,.688,0.0,0.0,.000,1.3,1.8,.702,.688,0.7,0.9,.750,0.6,1.2,1.8,0.3,0.2,0.0,0.5,0.2,3.2,marjabo01
301,Lauri Markkanen,SF,25,UTA,64,64,34.4,8.7,17.2,.505,3.1,7.7,.400,5.6,9.5,.591,.595,5.2,6.0,.871,2.0,6.7,8.6,1.9,0.6,0.6,1.9,2.1,25.7,markkla01
302,Naji Marshall,SF,25,NOP,69,21,24.4,3.4,7.7,.435,0.9,3.1,.308,2.4,4.7,.519,.496,1.9,2.3,.795,0.6,3.1,3.7,2.5,0.7,0.2,1.3,1.5,9.5,marshna01
303,Caleb Martin,PF,27,MIA,64,49,29.6,3.7,7.9,.464,1.3,3.5,.371,2.4,4.5,.537,.545,1.3,1.7,.802,1.3,3.7,5.0,1.6,1.0,0.5,1.1,2.1,10.0,martica02
304,Cody Martin,SF,27,CHO,7,0,19.1,2.0,5.1,.389,0.4,2.0,.214,1.6,3.1,.500,.431,0.6,1.0,.571,1.1,2.3,3.4,1.6,0.6,0.1,0.3,1.9,5.0,martico01
305,Kenyon Martin Jr.,SF,22,HOU,74,41,27.6,4.9,8.7,.568,0.8,2.7,.310,4.1,6.0,.685,.616,1.8,2.7,.678,1.5,4.0,5.5,1.5,0.5,0.4,1.1,1.8,12.6,martike04
306,Tyrese Martin,SG,23,ATL,13,0,3.5,0.5,1.2,.375,0.1,0.4,.200,0.4,0.8,.455,.406,0.2,0.2,1.000,0.2,0.3,0.5,0.0,0.1,0.0,0.1,0.2,1.2,martity01
307,Garrison Mathews,SG,26,TOT,51,0,12.8,1.3,3.6,.366,1.2,3.3,.353,0.2,0.4,.474,.524,0.8,0.9,.896,0.2,1.2,1.4,0.5,0.5,0.1,0.4,1.2,4.7,mathega01
307,Garrison Mathews,SG,26,HOU,45,0,13.4,1.3,3.8,.353,1.2,3.4,.342,0.2,0.3,.467,.509,0.9,1.0,.911,0.2,1.2,1.4,0.5,0.5,0.1,0.4,1.2,4.8,mathega01
307,Garrison Mathews,SG,26,ATL,6,0,8.7,1.3,2.7,.500,1.0,2.0,.500,0.3,0.7,.500,.688,0.3,0.5,.667,0.0,1.2,1.2,0.3,0.2,0.0,0.2,0.7,4.0,mathega01
308,Bennedict Mathurin,SF,20,IND,71,10,27.7,5.2,12.0,.431,1.3,4.0,.323,3.9,8.0,.486,.485,4.6,5.6,.828,1.1,2.8,3.9,1.4,0.6,0.1,1.8,2.0,16.3,mathube01
309,Wesley Matthews,SG,36,MIL,44,0,15.4,1.0,3.0,.344,0.8,2.4,.324,0.3,0.6,.423,.473,0.4,0.5,.864,0.7,1.5,2.2,0.6,0.4,0.3,0.4,1.4,3.3,matthwe02
310,Tyrese Maxey,SG,22,PHI,55,36,33.4,7.4,15.4,.478,2.6,6.2,.428,4.7,9.3,.511,.563,3.0,3.6,.842,0.4,2.5,2.9,3.5,0.8,0.1,1.3,2.2,20.4,maxeyty01
311,Miles McBride,PG,22,NYK,58,2,11.7,1.2,3.3,.360,0.7,2.1,.311,0.5,1.2,.448,.460,0.4,0.7,.684,0.2,0.6,0.8,1.1,0.6,0.1,0.4,0.9,3.4,mcbrimi01
312,CJ McCollum,SG,31,NOP,67,67,35.1,7.8,18.0,.436,2.8,7.3,.384,5.0,10.7,.471,.514,2.5,3.2,.788,0.8,3.7,4.5,5.9,0.9,0.5,2.5,2.0,21.0,mccolcj01
313,T.J. McConnell,PG,30,IND,70,6,20.1,3.5,6.7,.528,0.3,0.8,.426,3.2,5.9,.541,.553,0.8,0.9,.841,0.6,2.4,3.0,5.1,1.1,0.1,1.9,1.3,8.1,mccontj01
314,Jaden McDaniels,SF,22,MIN,71,71,30.9,4.7,9.1,.519,1.4,3.4,.395,3.4,5.7,.593,.593,1.4,1.9,.756,1.3,2.7,4.0,2.0,0.9,1.0,1.4,3.5,12.3,mcdanja02
315,Jalen McDaniels,SF,25,TOT,72,22,24.2,3.5,7.8,.450,0.9,3.0,.315,2.6,4.8,.535,.511,1.5,1.8,.832,0.8,3.7,4.4,1.7,1.0,0.4,1.2,2.7,9.5,mcdanja01
315,Jalen McDaniels,SF,25,CHO,56,21,26.7,3.9,8.8,.447,1.2,3.6,.322,2.8,5.2,.534,.513,1.6,1.9,.846,0.8,4.0,4.8,2.0,1.2,0.5,1.4,2.8,10.6,mcdanja01
315,Jalen McDaniels,SF,25,PHI,16,1,15.3,1.9,4.1,.470,0.2,0.9,.214,1.8,3.3,.538,.492,1.3,1.7,.778,0.8,2.3,3.1,0.6,0.4,0.1,0.5,2.4,5.4,mcdanja01
316,Doug McDermott,SF,31,SAS,61,0,20.6,3.7,8.0,.462,1.9,4.6,.423,1.8,3.5,.514,.582,0.7,1.0,.729,0.3,1.9,2.2,1.5,0.2,0.1,1.0,1.8,10.1,mcderdo01
317,JaVale McGee,C,35,DAL,37,7,8.0,1.8,2.9,.607,0.0,0.1,.250,1.7,2.8,.621,.612,0.5,0.9,.588,0.8,1.8,2.5,0.3,0.1,0.6,0.9,1.2,4.1,mcgeeja01
318,Bryce McGowens,SG,20,CHO,39,1,15.0,1.2,3.4,.358,0.4,1.3,.288,0.8,2.1,.402,.414,1.0,1.2,.792,0.4,1.3,1.7,0.9,0.3,0.2,0.7,0.9,3.8,mcgowbr01
319,Rodney McGruder,SG,31,DET,32,12,16.4,1.9,4.8,.408,1.3,3.0,.423,0.7,1.7,.382,.543,0.6,0.7,.818,0.6,1.7,2.3,0.9,0.5,0.0,0.3,1.2,5.7,mcgruro01
320,Jordan McLaughlin,PG,26,MIN,36,0,15.9,1.5,3.6,.426,0.5,1.9,.265,1.0,1.7,.607,.496,0.3,0.4,.786,0.4,1.1,1.5,3.3,0.9,0.1,0.8,0.6,3.9,mclaujo01
321,De'Anthony Melton,PG,24,PHI,71,55,28.1,3.7,8.5,.432,2.1,5.3,.398,1.6,3.2,.487,.555,0.9,1.1,.808,0.9,3.3,4.2,2.6,1.7,0.5,1.3,2.5,10.4,meltode01
322,Sam Merrill,SG,26,CLE,2,0,4.0,0.5,1.5,.333,0.0,1.0,.000,0.5,0.5,1.000,.333,0.0,0.0,,0.0,0.0,0.0,0.0,0.0,0.0,0.0,0.5,1.0,merrisa01
323,Chimezie Metu,C,25,SAC,61,0,10.6,2.0,3.3,.593,0.1,0.6,.243,1.8,2.7,.671,.615,0.7,1.0,.759,0.7,2.3,3.0,0.7,0.3,0.3,0.5,1.3,4.8,metuch01
324,Khris Middleton,SF,31,MIL,29,15,24.4,5.3,12.2,.433,1.6,4.9,.324,3.7,7.3,.507,.499,2.7,3.0,.898,0.8,3.4,4.2,5.0,0.8,0.2,2.3,2.1,14.9,middlkh01
325,Patty Mills,PG,34,BRK,38,1,13.6,2.1,5.1,.420,1.2,3.2,.382,0.9,1.8,.486,.541,0.6,0.6,.913,0.2,0.9,1.1,1.4,0.4,0.1,0.7,0.7,6.1,millspa02
326,Shake Milton,SG,26,PHI,70,9,20.3,3.1,6.4,.489,0.8,1.9,.396,2.4,4.5,.528,.548,1.3,1.5,.850,0.5,2.0,2.5,2.9,0.3,0.2,1.2,1.6,8.3,miltosh01
327,Josh Minott,SF,20,MIN,14,0,6.6,1.3,2.4,.529,0.1,0.4,.333,1.1,2.0,.571,.559,0.6,0.6,1.000,0.4,1.4,1.8,0.3,0.3,0.4,0.2,0.7,3.3,minotjo01
328,Davion Mitchell,PG,24,SAC,73,8,18.1,2.3,5.0,.458,0.8,2.5,.322,1.5,2.5,.589,.537,0.3,0.4,.793,0.2,1.2,1.3,2.3,0.5,0.2,0.8,1.4,5.7,mitchda01
329,Donovan Mitchell,SG,26,CLE,63,63,35.5,9.7,20.3,.477,3.5,9.3,.378,6.2,11.0,.560,.563,4.6,5.3,.867,1.0,3.2,4.2,4.5,1.5,0.4,2.6,2.4,27.5,mitchdo01
330,Evan Mobley,PF,21,CLE,73,73,34.4,6.7,12.1,.552,0.3,1.3,.214,6.4,10.7,.595,.564,2.7,4.0,.682,2.3,6.6,9.0,2.7,0.8,1.4,1.9,2.8,16.3,mobleev01
331,Isaiah Mobley,PF,23,CLE,10,0,3.0,0.5,1.0,.500,0.1,0.3,.333,0.4,0.7,.571,.550,0.0,0.0,,0.1,1.1,1.2,0.0,0.1,0.1,0.0,0.2,1.1,mobleis01
332,Chima Moneke,SF,27,SAC,2,0,4.0,0.5,1.0,.500,0.0,0.0,,0.5,1.0,.500,.500,0.0,1.0,.000,1.0,0.0,1.0,0.5,0.0,0.0,1.0,1.0,1.0,monekch01
333,Malik Monk,SG,24,SAC,71,0,22.3,4.6,10.3,.447,1.8,5.1,.356,2.8,5.1,.537,.536,2.5,2.8,.888,0.5,2.2,2.6,3.9,0.6,0.3,1.9,1.6,13.5,monkma01
334,Moses Moody,SG,20,GSW,58,3,12.9,1.6,3.5,.448,0.7,2.1,.341,0.8,1.3,.615,.552,0.6,0.9,.692,0.4,1.2,1.6,0.8,0.3,0.1,0.6,0.8,4.4,moodymo01
335,Xavier Moon,SG,28,LAC,1,0,7.0,0.0,2.0,.000,0.0,0.0,,0.0,2.0,.000,.000,0.0,0.0,,0.0,1.0,1.0,2.0,0.0,0.0,0.0,1.0,0.0,moonxa01
336,Wendell Moore Jr.,SG,21,MIN,27,2,5.5,0.6,1.6,.405,0.1,0.6,.118,0.6,0.9,.600,.429,0.1,0.2,.800,0.1,0.5,0.6,0.7,0.3,0.2,0.3,0.5,1.5,moorewe01
337,Ja Morant,PG,23,MEM,55,53,32.1,9.5,20.3,.466,1.6,5.0,.315,7.9,15.4,.514,.504,6.2,8.4,.746,1.1,4.8,5.9,8.1,1.1,0.3,3.3,1.7,26.7,moranja01
338,Marcus Morris,PF,33,LAC,65,65,28.1,4.2,9.9,.426,1.7,4.7,.364,2.5,5.2,.484,.513,1.0,1.3,.782,0.4,3.5,4.0,1.8,0.6,0.3,0.9,2.1,11.2,morrima03
339,Markieff Morris,PF,33,TOT,32,1,9.7,1.2,2.8,.416,0.7,1.7,.407,0.5,1.1,.429,.539,0.3,0.3,1.000,0.4,1.5,1.9,0.8,0.3,0.2,0.5,1.2,3.3,morrima02
339,Markieff Morris,PF,33,BRK,27,1,10.6,1.2,3.0,.402,0.7,1.8,.408,0.5,1.2,.394,.524,0.4,0.4,1.000,0.5,1.7,2.2,0.9,0.3,0.2,0.5,1.2,3.6,morrima02
339,Markieff Morris,PF,33,DAL,5,0,4.8,0.8,1.4,.571,0.4,1.0,.400,0.4,0.4,1.000,.714,0.0,0.0,,0.0,0.6,0.6,0.2,0.2,0.0,0.6,1.0,2.0,morrima02
340,Monte Morris,PG,27,WAS,60,59,27.6,4.0,8.3,.479,1.3,3.3,.390,2.7,5.0,.537,.556,1.1,1.3,.829,0.4,3.0,3.4,5.2,0.7,0.2,1.0,1.3,10.2,morrimo01
341,Trey Murphy III,SF,22,NOP,71,57,30.2,4.7,9.8,.482,2.5,6.1,.410,2.2,3.7,.601,.610,1.8,2.0,.908,0.8,2.9,3.6,1.4,1.1,0.5,0.8,1.9,13.8,murphtr02
342,Dejounte Murray,SG,26,ATL,67,67,36.4,8.3,18.0,.459,1.9,5.4,.350,6.4,12.7,.505,.511,2.1,2.5,.831,0.7,4.7,5.4,6.1,1.5,0.3,2.2,1.4,20.5,murrade01
343,Jamal Murray,PG,25,DEN,60,60,33.0,7.4,16.3,.452,2.6,6.6,.398,4.7,9.7,.489,.533,2.8,3.4,.825,0.8,3.3,4.0,6.2,1.0,0.2,2.2,1.5,20.2,murraja01
344,Keegan Murray,SF,22,SAC,72,70,29.8,4.3,9.7,.449,2.6,6.2,.410,1.8,3.4,.520,.581,0.8,1.1,.756,1.1,3.5,4.6,1.2,0.8,0.5,0.8,2.0,12.0,murrake02
345,Mike Muscala,C,31,TOT,55,7,14.6,2.0,4.6,.437,1.3,3.3,.387,0.7,1.3,.562,.575,0.6,0.7,.780,0.5,2.6,3.1,0.7,0.3,0.4,0.3,1.6,5.9,muscami01
345,Mike Muscala,C,31,OKC,43,5,14.5,2.1,4.7,.438,1.3,3.3,.394,0.8,1.4,.541,.576,0.7,0.9,.795,0.5,2.6,3.1,0.9,0.3,0.4,0.3,1.6,6.2,muscami01
345,Mike Muscala,C,31,BOS,12,2,15.2,1.8,4.3,.431,1.2,3.3,.359,0.7,1.0,.667,.569,0.1,0.2,.500,0.4,2.7,3.1,0.3,0.3,0.3,0.4,1.5,4.9,muscami01
346,Svi Mykhailiuk,SF,25,TOT,25,1,9.2,1.3,2.8,.451,0.9,1.8,.500,0.4,1.1,.370,.606,0.4,0.8,.550,0.2,0.7,0.9,0.6,0.2,0.0,0.4,0.5,3.9,mykhasv01
346,Svi Mykhailiuk,SF,25,NYK,13,0,3.1,0.5,0.9,.500,0.5,0.8,.600,0.0,0.2,.000,.750,0.2,0.4,.600,0.0,0.5,0.5,0.1,0.1,0.0,0.2,0.1,1.6,mykhasv01
346,Svi Mykhailiuk,SF,25,CHO,12,1,15.9,2.2,4.9,.441,1.3,2.8,.471,0.8,2.1,.400,.576,0.7,1.3,.533,0.3,0.9,1.3,1.1,0.3,0.1,0.6,0.9,6.3,mykhasv01
347,Larry Nance Jr.,PF,30,NOP,57,1,21.2,3.0,4.9,.614,0.2,0.7,.350,2.7,4.2,.658,.639,0.9,1.3,.685,1.7,3.9,5.6,1.8,0.9,0.6,0.6,2.1,7.1,nancela02
348,Andrew Nembhard,SG,23,IND,68,56,27.2,3.5,8.1,.437,1.2,3.5,.349,2.3,4.5,.506,.514,0.6,0.7,.796,0.4,2.2,2.6,4.1,0.9,0.2,1.6,2.4,8.9,nembhan01
349,Aaron Nesmith,SF,23,IND,66,53,24.6,3.4,8.0,.426,1.5,4.3,.350,1.9,3.7,.514,.520,1.5,1.8,.850,0.8,3.0,3.8,1.3,0.7,0.4,1.1,3.3,9.9,nesmiaa01
350,Raul Neto,PG,30,CLE,45,1,10.0,1.1,2.1,.532,0.3,0.8,.324,0.8,1.3,.667,.596,0.5,0.6,.889,0.2,0.7,0.9,1.4,0.4,0.1,0.4,0.9,3.0,netora01
351,Georges Niang,PF,29,PHI,71,0,19.4,2.8,6.4,.438,2.0,5.0,.399,0.8,1.5,.567,.592,0.5,0.6,.864,0.3,2.1,2.4,1.0,0.4,0.2,0.7,1.9,8.2,niangge01
352,Daishen Nix,PG,20,HOU,50,7,16.7,1.5,4.4,.353,0.8,2.6,.305,0.8,1.8,.422,.443,0.5,0.7,.667,0.3,1.5,1.8,2.5,0.6,0.1,1.5,1.1,4.3,nixda01
353,Zeke Nnaji,PF,22,DEN,47,5,13.2,1.9,3.3,.580,0.3,1.0,.283,1.7,2.4,.703,.621,0.8,1.2,.672,1.2,1.2,2.4,0.3,0.3,0.4,0.5,1.9,5.0,nnajize01
354,Nerlens Noel,C,28,TOT,17,4,11.5,0.8,2.1,.361,0.1,0.1,.500,0.7,2.0,.353,.375,0.5,0.7,.667,0.6,2.1,2.7,0.6,0.9,0.6,0.8,1.9,2.1,noelne01
354,Nerlens Noel,C,28,DET,14,3,10.9,0.9,2.1,.400,0.1,0.1,.500,0.8,2.0,.393,.417,0.5,0.7,.700,0.5,2.1,2.6,0.5,0.9,0.6,0.6,1.8,2.3,noelne01
354,Nerlens Noel,C,28,BRK,3,1,14.3,0.3,2.0,.167,0.0,0.0,,0.3,2.0,.167,.167,0.3,0.7,.500,1.0,2.0,3.0,1.0,1.0,0.3,1.7,2.3,1.0,noelne01
355,Jaylen Nowell,SG,23,MIN,64,2,19.3,4.3,9.6,.446,1.0,3.6,.288,3.3,6.0,.540,.500,1.2,1.5,.784,0.5,2.1,2.6,2.0,0.7,0.1,1.0,1.5,10.8,nowelja01
356,Frank Ntilikina,PG,24,DAL,44,3,11.8,0.9,2.5,.364,0.3,1.3,.241,0.6,1.2,.500,.427,0.4,0.6,.680,0.1,1.1,1.3,1.1,0.3,0.1,0.6,1.3,2.5,ntilila01
357,Kendrick Nunn,SG-PG,27,TOT,62,2,13.3,2.5,6.0,.420,1.0,3.0,.339,1.5,3.0,.500,.504,0.5,0.5,.848,0.2,1.2,1.4,1.1,0.4,0.0,0.8,0.8,6.5,nunnke01
357,Kendrick Nunn,SG,27,LAL,39,2,13.5,2.6,6.4,.406,1.1,3.2,.325,1.6,3.2,.488,.488,0.4,0.5,.810,0.1,1.3,1.4,0.9,0.3,0.1,0.8,0.9,6.7,nunnke01
357,Kendrick Nunn,PG,27,WAS,23,0,12.9,2.3,5.1,.449,0.9,2.5,.368,1.4,2.7,.525,.538,0.5,0.5,.917,0.3,1.1,1.4,1.6,0.5,0.0,0.9,0.7,6.0,nunnke01
358,Jusuf Nurkić,C,28,POR,52,52,26.8,5.0,9.7,.519,0.8,2.3,.361,4.2,7.4,.567,.561,2.4,3.7,.661,2.2,6.9,9.1,2.9,0.8,0.8,2.3,3.6,13.3,nurkiju01
359,Jordan Nwora,SF,24,TOT,55,7,17.9,2.8,6.5,.435,1.3,3.1,.415,1.5,3.4,.452,.533,1.0,1.3,.803,0.8,2.7,3.5,1.3,0.4,0.2,1.0,1.1,8.0,nworajo01
359,Jordan Nwora,SF,24,MIL,38,3,15.7,2.0,5.2,.386,1.1,2.7,.392,0.9,2.5,.379,.487,1.0,1.1,.860,0.8,2.3,3.1,1.0,0.3,0.2,0.9,0.9,6.0,nworajo01
359,Jordan Nwora,SF,24,IND,17,4,22.7,4.7,9.5,.494,1.8,4.1,.449,2.9,5.5,.527,.590,1.2,1.6,.714,0.8,3.5,4.4,2.0,0.6,0.3,1.3,1.5,12.4,nworajo01
360,Royce O'Neale,SF,29,BRK,70,52,31.9,3.0,7.8,.389,2.1,5.4,.394,0.9,2.4,.380,.527,0.7,1.0,.731,0.8,4.3,5.1,3.6,0.9,0.7,1.5,3.1,8.9,onealro01
361,Chuma Okeke,SF,24,ORL,22,7,18.8,1.5,4.2,.366,0.9,3.0,.308,0.6,1.3,.500,.473,0.7,1.0,.762,1.0,2.6,3.5,1.2,0.5,0.4,0.5,1.6,4.7,okekech01
362,Josh Okogie,SG,24,PHO,64,18,17.8,2.2,5.6,.393,0.9,2.7,.327,1.3,2.9,.452,.471,1.9,2.5,.735,1.5,1.8,3.3,1.4,0.8,0.5,0.9,1.6,7.1,okogijo01
363,Onyeka Okongwu,C,22,ATL,72,17,23.3,3.9,6.2,.637,0.0,0.1,.250,3.9,6.0,.644,.639,1.8,2.3,.757,2.8,4.5,7.2,1.0,0.7,1.3,1.0,3.2,9.6,okongon01
364,Isaac Okoro,SF,22,CLE,75,45,21.9,2.3,4.7,.493,0.8,2.3,.363,1.5,2.4,.615,.581,1.0,1.3,.752,0.7,1.8,2.5,1.2,0.7,0.4,0.5,2.1,6.5,okorois01
365,KZ Okpala,PF,23,SAC,35,3,7.1,0.5,1.1,.421,0.2,0.6,.333,0.3,0.5,.529,.513,0.2,0.2,.875,0.2,0.8,1.0,0.4,0.2,0.2,0.2,1.1,1.3,okpalkz01
366,Victor Oladipo,SG,30,MIA,38,1,26.7,3.6,9.2,.391,1.5,4.7,.315,2.1,4.5,.471,.471,1.4,1.9,.761,0.4,2.8,3.2,3.4,1.4,0.3,1.9,2.3,10.1,oladivi01
367,Kelly Olynyk,C,31,UTA,62,62,28.3,4.0,8.1,.494,1.4,3.5,.390,2.6,4.6,.574,.579,2.9,3.4,.856,1.2,4.6,5.9,3.5,0.9,0.5,2.3,3.5,12.3,olynyke01
368,Eugene Omoruyi,SF,25,TOT,34,5,15.2,2.4,5.3,.453,0.4,1.8,.233,2.0,3.6,.562,.492,0.9,1.4,.653,1.1,1.7,2.8,0.6,0.7,0.1,0.7,2.3,6.2,omorueu01
368,Eugene Omoruyi,SF,25,OKC,23,2,11.8,1.9,4.1,.468,0.3,1.3,.258,1.6,2.7,.571,.511,0.7,1.2,.607,1.0,1.3,2.3,0.5,0.6,0.0,0.7,2.0,4.9,omorueu01
368,Eugene Omoruyi,SF,25,DET,11,3,22.4,3.5,7.9,.437,0.5,2.6,.207,2.9,5.3,.552,.471,1.4,1.9,.714,1.5,2.5,3.9,0.9,0.8,0.3,0.8,3.0,8.8,omorueu01
369,Cedi Osman,SF,27,CLE,70,0,20.7,3.2,7.0,.455,1.5,4.1,.366,1.7,2.9,.581,.562,1.0,1.4,.684,0.3,2.0,2.3,1.5,0.5,0.1,0.7,1.6,8.8,osmande01
370,Kelly Oubre Jr.,SF,27,CHO,48,40,32.3,7.4,17.1,.431,2.3,7.1,.319,5.1,10.0,.510,.497,3.3,4.3,.760,1.4,3.8,5.2,1.1,1.4,0.4,1.3,2.9,20.3,oubreke01
371,Chris Paul,PG,37,PHO,53,53,31.9,4.9,11.2,.434,1.5,4.2,.364,3.3,7.0,.477,.503,2.4,2.8,.828,0.4,3.9,4.3,9.1,1.6,0.4,1.9,2.2,13.6,paulch01
372,Cameron Payne,PG,28,PHO,42,14,21.1,4.1,9.8,.417,1.5,4.1,.372,2.5,5.7,.450,.495,1.0,1.4,.746,0.3,2.0,2.3,4.7,0.7,0.2,1.9,1.9,10.7,payneca01
373,Gary Payton II,PG,30,POR,15,1,17.0,1.6,2.7,.585,0.6,1.1,.529,1.0,1.6,.625,.695,0.3,0.3,1.000,0.7,1.9,2.6,1.5,1.1,0.1,0.8,1.9,4.1,paytoga02
374,Theo Pinson,SG,27,DAL,37,0,6.6,0.5,1.6,.328,0.4,1.2,.341,0.1,0.5,.294,.451,0.2,0.3,.818,0.2,0.9,1.1,0.8,0.1,0.0,0.2,0.6,1.7,pinsoth01
375,Scotty Pippen Jr.,PG,22,LAL,6,0,5.3,0.7,2.0,.333,0.2,0.5,.333,0.5,1.5,.333,.375,0.8,1.5,.556,0.3,0.3,0.7,0.3,0.3,0.2,0.3,0.5,2.3,pippesc02
376,Mason Plumlee,C,32,TOT,72,60,26.7,4.3,6.3,.676,0.0,0.0,,4.3,6.3,.676,.676,2.7,4.3,.631,3.0,6.3,9.3,3.2,0.6,0.6,1.5,2.7,11.2,plumlma01
376,Mason Plumlee,C,32,CHO,56,56,28.5,4.7,7.1,.669,0.0,0.0,,4.7,7.1,.669,.669,2.8,4.6,.605,3.3,6.3,9.7,3.7,0.6,0.6,1.6,2.9,12.2,plumlma01
376,Mason Plumlee,C,32,LAC,16,4,20.5,2.6,3.6,.724,0.0,0.0,,2.6,3.6,.724,.724,2.4,3.1,.760,1.9,6.3,8.1,1.7,0.6,0.6,1.4,2.3,7.6,plumlma01
377,Jakob Poeltl,C,27,TOT,64,63,26.8,5.5,8.7,.634,0.0,0.0,.000,5.5,8.7,.636,.634,1.8,3.0,.601,3.3,5.9,9.1,2.9,1.0,1.3,1.8,2.8,12.9,poeltja01
377,Jakob Poeltl,C,27,SAS,46,46,26.1,5.2,8.4,.616,0.0,0.0,.000,5.2,8.4,.618,.616,1.7,2.8,.605,3.3,5.7,9.0,3.1,0.8,1.1,2.1,2.6,12.1,poeltja01
377,Jakob Poeltl,C,27,TOR,18,17,28.7,6.4,9.4,.676,0.0,0.0,,6.4,9.4,.676,.676,2.1,3.6,.594,3.2,6.2,9.4,2.4,1.4,1.6,1.1,3.3,14.9,poeltja01
378,Aleksej Pokusevski,PF,21,OKC,31,25,21.8,3.5,7.8,.440,1.2,3.3,.376,2.2,4.6,.486,.519,0.7,1.1,.636,1.5,3.6,5.1,2.0,0.6,1.3,1.3,1.8,8.8,pokusal01
379,Jordan Poole,PG,23,GSW,75,42,30.5,6.7,15.7,.427,2.6,7.8,.332,4.1,7.9,.521,.510,4.3,4.9,.873,0.4,2.3,2.7,4.6,0.8,0.2,3.1,2.6,20.3,poolejo01
380,Kevin Porter Jr.,PG,22,HOU,52,52,34.0,6.5,14.8,.436,2.2,6.3,.350,4.3,8.5,.500,.510,3.5,4.5,.778,1.3,4.2,5.6,5.9,1.3,0.3,3.3,2.6,18.6,porteke02
381,Michael Porter Jr.,SF,24,DEN,57,57,29.0,6.4,12.9,.493,3.0,7.2,.422,3.4,5.8,.581,.609,1.6,1.9,.811,1.0,4.5,5.4,1.1,0.6,0.5,1.1,2.0,17.3,portemi01
382,Otto Porter Jr.,SF,29,TOR,8,2,18.3,1.9,3.8,.500,0.8,2.1,.353,1.1,1.6,.692,.600,1.0,1.0,1.000,0.8,1.6,2.4,1.0,1.4,0.0,0.5,0.9,5.5,porteot01
383,Bobby Portis,PF,27,MIL,63,19,25.9,5.6,11.3,.496,1.2,3.5,.339,4.4,7.8,.565,.548,1.3,1.7,.778,2.2,7.3,9.5,1.6,0.4,0.2,1.2,1.6,13.7,portibo01
384,Kristaps Porziņģis,C,27,WAS,63,63,32.6,7.7,15.6,.494,2.1,5.5,.378,5.6,10.1,.557,.560,5.5,6.5,.851,1.8,6.6,8.4,2.6,0.9,1.6,2.1,3.1,23.0,porzikr01
385,Micah Potter,PF,24,UTA,4,0,6.0,1.3,1.8,.714,0.3,0.5,.500,1.0,1.3,.800,.786,0.0,0.0,,0.3,0.5,0.8,0.8,0.0,0.0,0.0,0.8,2.8,pottemi01
386,Dwight Powell,C,31,DAL,69,57,19.9,2.7,3.8,.730,0.0,0.1,.000,2.7,3.7,.744,.730,1.6,2.3,.679,2.0,2.3,4.3,0.9,0.7,0.4,0.9,2.8,7.1,poweldw01
387,Norman Powell,SG,29,LAC,54,7,25.8,5.5,11.7,.475,2.0,4.9,.410,3.5,6.7,.522,.561,3.6,4.4,.803,0.4,2.6,2.9,1.8,0.8,0.3,1.6,2.0,16.6,powelno01
388,Jason Preston,PG,23,LAC,13,0,9.4,1.4,3.2,.439,0.4,1.4,.278,1.0,1.8,.565,.500,0.0,0.2,.000,0.2,1.5,1.7,2.1,0.2,0.0,0.8,0.5,3.2,prestja01
389,Joshua Primo,SG,20,SAS,4,0,23.3,2.3,6.5,.346,0.8,3.0,.250,1.5,3.5,.429,.404,1.8,2.3,.778,0.5,2.8,3.3,4.5,0.3,0.5,2.8,2.0,7.0,primojo01
390,Taurean Prince,SF,28,MIN,48,4,22.0,3.3,6.8,.482,1.4,3.5,.399,1.9,3.3,.569,.584,1.1,1.3,.855,0.3,2.1,2.4,1.6,0.5,0.3,1.4,2.3,9.1,princta02
391,Payton Pritchard,PG,25,BOS,45,2,12.5,1.8,4.6,.390,0.9,2.8,.331,0.8,1.7,.487,.493,0.2,0.3,.733,0.5,1.0,1.5,1.0,0.3,0.0,0.7,0.8,4.7,pritcpa01
392,Trevelin Queen,SG,25,IND,7,0,10.0,1.0,4.1,.241,0.3,2.1,.133,0.7,2.0,.357,.276,0.7,0.7,1.000,1.1,1.3,2.4,0.9,0.3,0.7,1.0,0.6,3.0,queentr01
393,Neemias Queta,C,23,SAC,4,0,6.3,1.5,2.0,.750,0.0,0.0,,1.5,2.0,.750,.750,0.0,0.5,.000,1.0,1.3,2.3,0.3,0.0,0.3,0.3,1.8,3.0,quetane01
394,Immanuel Quickley,PG,23,NYK,74,16,28.5,4.8,10.9,.439,1.9,5.4,.354,2.9,5.5,.521,.525,2.3,2.8,.829,0.7,3.4,4.1,3.2,0.9,0.2,1.1,2.0,13.7,quickim01
395,Julius Randle,PF,28,NYK,75,75,35.9,8.6,18.8,.460,2.9,8.3,.343,5.8,10.4,.552,.536,5.3,7.0,.757,1.9,8.3,10.1,4.2,0.6,0.3,2.8,3.1,25.4,randlju01
396,Austin Reaves,SG,24,LAL,56,14,28.1,3.8,7.4,.512,1.3,3.3,.378,2.5,4.1,.620,.597,3.4,4.0,.861,0.6,2.5,3.0,3.1,0.6,0.3,1.5,1.7,12.3,reaveau01
397,Cam Reddish,SF,23,TOT,38,20,24.9,3.5,7.9,.445,1.2,3.7,.317,2.3,4.1,.561,.520,1.6,1.9,.847,0.5,1.8,2.3,1.5,1.0,0.4,1.2,1.8,9.8,reddica01
397,Cam Reddish,SF,23,NYK,20,8,21.9,3.1,6.8,.449,0.9,2.8,.304,2.2,4.0,.550,.511,1.5,1.7,.879,0.4,1.2,1.6,1.0,0.8,0.4,0.8,1.6,8.4,reddica01
397,Cam Reddish,SF,23,POR,18,12,28.2,4.0,9.1,.442,1.6,4.8,.326,2.4,4.3,.571,.528,1.8,2.2,.821,0.6,2.5,3.1,2.1,1.3,0.3,1.7,2.1,11.3,reddica01
398,Davon Reed,SG,27,TOT,40,1,8.4,0.7,2.1,.325,0.4,1.2,.370,0.3,0.9,.270,.428,0.4,0.6,.667,0.3,1.2,1.5,0.5,0.4,0.1,0.5,1.0,2.2,reedda01
398,Davon Reed,SG,27,DEN,35,1,9.0,0.7,2.3,.313,0.5,1.3,.364,0.3,1.0,.250,.413,0.4,0.6,.750,0.3,1.3,1.6,0.5,0.4,0.1,0.6,1.0,2.3,reedda01
398,Davon Reed,SG,27,LAL,5,0,4.2,0.4,0.6,.667,0.2,0.4,.500,0.2,0.2,1.000,.833,0.2,0.8,.250,0.2,0.4,0.6,0.4,0.2,0.0,0.0,0.6,1.2,reedda01
399,Paul Reed,C,23,PHI,61,0,10.2,1.5,2.7,.577,0.0,0.1,.000,1.5,2.6,.591,.577,0.5,0.6,.718,1.4,2.0,3.4,0.3,0.6,0.7,0.6,1.8,3.5,reedpa01
400,Naz Reid,C,23,MIN,65,11,18.2,4.4,8.2,.538,1.0,3.1,.335,3.4,5.1,.663,.602,1.2,1.8,.686,1.1,3.8,4.9,1.1,0.6,0.8,1.4,2.7,11.2,reidna01
401,Jared Rhoden,SG,23,DET,8,0,9.3,0.8,2.1,.353,0.1,1.0,.125,0.6,1.1,.556,.382,0.3,0.3,1.000,1.0,1.0,2.0,0.3,0.3,0.0,0.1,1.1,1.9,rhodeja01
402,Nick Richards,C,25,CHO,60,7,18.5,3.0,4.8,.620,0.0,0.0,,3.0,4.8,.620,.620,2.0,2.7,.748,2.3,4.0,6.3,0.6,0.2,1.1,0.9,2.4,8.0,richani01
403,Josh Richardson,SG,29,TOT,57,10,24.0,3.9,9.1,.432,1.7,4.7,.363,2.2,4.4,.508,.527,1.2,1.4,.852,0.7,2.1,2.7,2.9,1.1,0.3,1.4,1.9,10.8,richajo01
403,Josh Richardson,SG,29,SAS,42,6,23.7,4.2,9.7,.436,1.8,4.9,.357,2.5,4.7,.518,.527,1.3,1.4,.883,0.7,2.1,2.8,3.3,1.0,0.3,1.5,1.7,11.5,richajo01
403,Josh Richardson,SG,29,NOP,15,4,24.7,3.1,7.5,.420,1.6,4.2,.381,1.5,3.3,.469,.527,1.1,1.4,.762,0.6,1.9,2.5,2.0,1.7,0.5,1.1,2.4,8.9,richajo01
404,Austin Rivers,SG,30,MIN,52,10,19.5,1.8,4.0,.435,0.8,2.4,.350,0.9,1.7,.558,.538,0.6,0.8,.769,0.1,1.5,1.6,1.4,0.5,0.1,0.4,1.5,4.9,riverau01
405,Duncan Robinson,SF,28,MIA,36,0,16.1,2.0,5.6,.365,1.5,4.5,.327,0.6,1.1,.526,.498,0.6,0.7,.920,0.2,1.5,1.7,1.1,0.3,0.0,0.6,1.8,6.2,robindu01
406,Mitchell Robinson,C,24,NYK,53,52,27.3,3.2,4.6,.693,0.0,0.0,,3.2,4.6,.693,.693,1.0,2.0,.490,4.3,4.8,9.1,0.8,0.9,1.7,0.6,2.8,7.3,robinmi01
407,Orlando Robinson,C,22,MIA,29,1,13.7,1.6,3.0,.535,0.0,0.2,.000,1.6,2.8,.568,.535,0.7,1.0,.724,1.5,2.6,4.1,0.7,0.4,0.4,0.5,1.8,3.9,robinor01
408,Jeremiah Robinson-Earl,PF,22,OKC,38,19,19.2,2.7,5.8,.459,0.9,2.6,.330,1.8,3.2,.566,.534,0.9,1.1,.825,1.8,2.6,4.4,1.0,0.6,0.3,0.5,1.6,7.1,robinje02
409,Isaiah Roby,PF,24,SAS,42,2,11.3,1.6,3.7,.432,0.4,1.4,.300,1.2,2.3,.516,.490,0.5,1.0,.488,0.5,2.0,2.5,0.9,0.4,0.2,0.7,1.3,4.1,robyis01
410,David Roddy,PF,21,MEM,61,3,17.2,2.5,5.8,.438,0.9,3.0,.300,1.7,2.9,.580,.514,0.7,1.0,.635,0.7,2.0,2.6,0.7,0.5,0.3,0.8,1.5,6.6,roddyda01
411,Ryan Rollins,PG,20,GSW,12,0,5.2,0.6,1.7,.350,0.3,0.8,.333,0.3,0.9,.364,.425,0.5,0.5,1.000,0.3,0.8,1.0,0.5,0.1,0.1,1.3,0.8,1.9,rolliry01
412,Derrick Rose,PG,34,NYK,27,0,12.5,2.3,5.9,.384,0.7,2.3,.302,1.6,3.6,.438,.443,0.4,0.4,.917,0.3,1.2,1.5,1.7,0.3,0.2,0.8,0.7,5.6,rosede01
413,Terrence Ross,SG,31,TOT,55,9,21.6,3.3,7.5,.444,1.6,4.2,.393,1.7,3.3,.508,.554,0.4,0.6,.774,0.3,2.0,2.3,1.4,0.6,0.1,0.7,1.6,8.7,rosste01
413,Terrence Ross,SG,31,ORL,42,9,22.5,3.1,7.1,.431,1.5,3.8,.381,1.6,3.3,.489,.533,0.4,0.5,.750,0.2,1.8,2.0,1.3,0.6,0.2,0.9,1.3,8.0,rosste01
413,Terrence Ross,SG,31,PHO,13,0,18.8,4.1,8.5,.477,2.2,5.3,.420,1.8,3.2,.571,.608,0.7,0.8,.818,0.5,2.6,3.1,1.7,0.6,0.0,0.3,2.7,11.1,rosste01
414,Terry Rozier,SG,28,CHO,63,63,35.3,7.8,18.9,.415,2.6,8.0,.327,5.2,10.8,.480,.484,2.8,3.5,.809,0.8,3.3,4.1,5.1,1.2,0.3,2.1,1.9,21.1,roziete01
415,Ricky Rubio,PG,32,CLE,26,0,17.3,2.0,5.3,.367,0.7,2.6,.269,1.3,2.8,.458,.432,0.9,1.2,.774,0.3,2.0,2.2,3.5,0.9,0.2,1.0,1.5,5.5,rubiori01
416,D'Angelo Russell,PG,26,TOT,65,65,32.5,6.3,13.5,.466,2.7,7.0,.391,3.6,6.5,.546,.567,2.7,3.2,.849,0.5,2.6,3.1,6.2,1.0,0.4,2.6,2.0,18.0,russeda01
416,D'Angelo Russell,PG,26,MIN,54,54,32.9,6.3,13.5,.465,2.7,7.0,.391,3.5,6.4,.546,.567,2.6,3.1,.856,0.5,2.5,3.1,6.2,1.1,0.4,2.7,2.2,17.9,russeda01
416,D'Angelo Russell,PG,26,LAL,11,11,30.5,6.5,13.9,.471,2.7,6.9,.395,3.8,7.0,.545,.569,2.8,3.5,.816,0.5,2.6,3.1,6.4,0.6,0.6,2.2,1.4,18.6,russeda01
417,Matt Ryan,SF,25,TOT,33,0,9.3,1.2,3.2,.374,1.0,2.5,.386,0.2,0.7,.333,.523,0.3,0.4,.833,0.1,0.7,0.8,0.5,0.2,0.0,0.2,0.8,3.7,ryanma01
417,Matt Ryan,SF,25,LAL,12,0,10.8,1.3,4.1,.306,1.1,2.9,.371,0.2,1.2,.143,.439,0.3,0.4,.800,0.2,1.0,1.2,0.3,0.2,0.0,0.3,1.2,3.9,ryanma01
417,Matt Ryan,SF,25,MIN,21,0,8.4,1.2,2.8,.431,0.9,2.3,.396,0.3,0.5,.600,.595,0.3,0.3,.857,0.1,0.5,0.6,0.5,0.1,0.0,0.2,0.6,3.6,ryanma01
418,Domantas Sabonis,C,26,SAC,72,72,34.9,7.3,11.9,.608,0.4,1.1,.354,6.9,10.8,.633,.624,4.2,5.5,.762,3.2,9.3,12.5,7.3,0.8,0.5,2.9,3.6,19.1,sabondo01
419,Dario Šarić,PF,28,TOT,53,12,14.1,2.2,4.9,.458,0.8,2.0,.377,1.5,2.9,.513,.535,1.1,1.3,.838,0.9,2.7,3.6,1.4,0.3,0.1,1.0,1.8,6.3,saricda01
419,Dario Šarić,PF,28,PHO,37,12,14.4,2.1,4.8,.427,0.7,1.9,.391,1.3,2.9,.450,.503,1.0,1.2,.818,1.1,2.8,3.8,1.5,0.4,0.1,1.0,1.9,5.8,saricda01
419,Dario Šarić,PF,28,OKC,16,0,13.3,2.7,5.1,.524,0.8,2.3,.351,1.9,2.8,.667,.604,1.3,1.5,.875,0.6,2.5,3.1,0.9,0.3,0.0,1.1,1.6,7.5,saricda01
420,Olivier Sarr,C,23,OKC,5,0,11.8,1.0,2.4,.417,0.2,1.0,.200,0.8,1.4,.571,.458,0.6,0.6,1.000,1.6,1.2,2.8,0.6,0.0,1.0,0.6,2.0,2.8,sarrol01
421,Jordan Schakel,SF,24,WAS,2,0,3.0,0.5,1.0,.500,0.5,0.5,1.000,0.0,0.5,.000,.750,0.0,0.0,,0.0,0.0,0.0,0.5,0.5,0.0,0.0,0.5,1.5,schakjo01
422,Admiral Schofield,PF,25,ORL,31,0,11.9,1.5,3.1,.484,0.6,1.8,.351,0.8,1.2,.684,.589,0.5,0.6,.895,0.6,1.1,1.7,0.8,0.2,0.1,0.2,1.7,4.2,schofad01
423,Dennis Schröder,PG,29,LAL,60,48,30.6,4.2,10.1,.420,1.2,3.5,.341,3.0,6.6,.461,.478,3.3,3.8,.871,0.3,2.3,2.5,4.6,0.8,0.1,1.8,2.2,12.9,schrode01
424,Dereon Seabron,SG,22,NOP,5,0,2.4,0.4,1.0,.400,0.0,0.0,,0.4,1.0,.400,.400,0.0,0.0,,0.2,0.0,0.2,0.0,0.0,0.0,0.0,0.2,0.8,seabrde01
425,Alperen Şengün,C,20,HOU,67,64,28.5,5.9,10.5,.555,0.2,0.7,.300,5.6,9.8,.575,.566,2.8,3.8,.723,3.1,5.5,8.7,3.8,0.9,0.9,2.5,3.4,14.7,sengual01
426,Collin Sexton,SG,24,UTA,47,15,24.0,4.9,9.7,.507,1.0,2.5,.410,3.9,7.2,.540,.559,3.4,4.2,.822,0.8,1.4,2.2,2.9,0.6,0.1,1.8,2.3,14.3,sextoco01
427,Landry Shamet,SG,25,PHO,34,7,21.2,3.0,7.9,.386,2.0,5.3,.380,1.0,2.6,.398,.513,1.2,1.4,.894,0.3,1.4,1.6,2.1,0.7,0.1,1.0,1.6,9.3,shamela01
428,Day'Ron Sharpe,C,21,BRK,40,2,11.4,2.0,3.6,.538,0.2,0.3,.545,1.8,3.4,.537,.559,0.7,1.0,.650,2.0,2.1,4.1,0.8,0.3,0.7,1.0,2.0,4.7,sharpda01
429,Shaedon Sharpe,SG,19,POR,72,7,20.8,3.3,6.9,.476,1.1,3.0,.361,2.2,3.9,.566,.555,0.6,0.9,.682,0.8,1.8,2.6,0.8,0.5,0.3,0.8,1.7,8.3,sharpsh01
430,Pascal Siakam,C,28,TOR,64,64,37.5,8.8,18.6,.476,1.4,4.1,.335,7.5,14.5,.516,.513,5.3,6.9,.762,1.8,5.9,7.8,6.0,0.8,0.5,2.5,3.3,24.3,siakapa01
431,Chris Silva,PF,26,DAL,1,0,3.0,1.0,1.0,1.000,0.0,0.0,,1.0,1.0,1.000,1.000,0.0,0.0,,0.0,0.0,0.0,0.0,0.0,0.0,1.0,2.0,2.0,silvach01
432,Ben Simmons,PG,26,BRK,42,33,26.3,3.2,5.6,.566,0.0,0.0,.000,3.2,5.5,.571,.566,0.6,1.4,.439,1.0,5.3,6.3,6.1,1.3,0.6,2.3,3.3,6.9,simmobe01
433,Marko Simonovic,C,23,CHI,3,0,1.7,0.0,0.3,.000,0.0,0.3,.000,0.0,0.0,,.000,0.0,0.0,,0.0,0.0,0.0,0.0,0.0,0.0,0.0,0.3,0.0,simonma01
434,Anfernee Simons,SG,23,POR,62,62,35.0,7.5,16.9,.447,3.4,9.1,.377,4.1,7.8,.528,.548,2.6,2.9,.894,0.3,2.3,2.6,4.1,0.7,0.2,2.1,2.3,21.1,simonan01
435,Jericho Sims,C,24,NYK,49,16,15.8,1.6,2.1,.769,0.0,0.0,.000,1.6,2.1,.777,.769,0.2,0.3,.750,1.9,2.8,4.7,0.5,0.3,0.6,0.5,1.9,3.5,simsje01
436,Marcus Smart,PG,28,BOS,56,56,32.4,4.0,9.7,.414,1.8,5.4,.333,2.2,4.3,.517,.507,1.5,2.0,.757,0.8,2.4,3.2,6.4,1.6,0.4,2.4,2.8,11.3,smartma01
437,Dennis Smith Jr.,PG,25,CHO,53,14,25.7,3.4,8.3,.410,0.4,2.0,.215,3.0,6.3,.473,.437,1.4,1.9,.735,0.5,2.6,3.1,4.8,1.4,0.5,1.5,2.2,8.7,smithde03
438,Dru Smith,SG,25,TOT,11,1,11.5,1.6,3.5,.462,0.5,1.6,.278,1.2,1.9,.619,.526,0.1,0.1,1.000,0.2,1.5,1.7,1.4,0.8,0.4,0.2,1.5,3.8,smithdr01
438,Dru Smith,SG,25,MIA,5,1,13.4,1.0,2.8,.357,0.2,1.2,.167,0.8,1.6,.500,.393,0.0,0.0,,0.2,1.6,1.8,1.0,0.8,0.6,0.2,2.0,2.2,smithdr01
438,Dru Smith,SG,25,BRK,6,0,10.0,2.2,4.2,.520,0.7,2.0,.333,1.5,2.2,.692,.600,0.2,0.2,1.000,0.2,1.5,1.7,1.7,0.8,0.2,0.2,1.0,5.2,smithdr01
439,Ish Smith,PG,34,DEN,38,0,8.7,1.2,2.7,.431,0.1,0.2,.333,1.1,2.5,.438,.441,0.0,0.1,.500,0.1,1.1,1.2,2.1,0.2,0.2,1.0,0.8,2.4,smithis01
440,Jabari Smith Jr.,PF,19,HOU,71,71,30.7,4.5,11.1,.406,1.6,5.1,.312,2.9,6.0,.487,.478,2.0,2.5,.773,1.5,5.6,7.1,1.2,0.5,0.9,1.4,2.9,12.6,smithja05
441,Jalen Smith,PF,22,IND,63,28,18.3,3.4,7.2,.465,0.8,2.8,.273,2.6,4.4,.586,.518,1.6,2.0,.773,1.8,3.8,5.7,1.0,0.3,0.9,1.1,2.1,9.1,smithja04
442,Jeremy Sochan,PF,19,SAS,56,53,26.0,4.5,9.9,.453,0.6,2.4,.246,3.9,7.5,.519,.483,1.4,2.1,.698,1.7,3.6,5.3,2.5,0.8,0.4,1.7,2.5,11.0,sochaje01
443,Jaden Springer,SG,20,PHI,13,0,3.6,0.7,1.6,.429,0.0,0.2,.000,0.7,1.5,.474,.429,0.2,0.3,.750,0.4,0.4,0.8,0.3,0.5,0.2,0.1,0.7,1.6,sprinja01
444,Lamar Stevens,PF,25,CLE,55,22,17.7,2.1,4.6,.466,0.5,1.5,.325,1.6,3.1,.536,.520,0.7,0.9,.725,0.7,2.4,3.2,0.5,0.4,0.3,0.4,1.2,5.4,stevela01
445,Isaiah Stewart,C,21,DET,50,47,28.3,3.9,8.8,.442,1.3,4.1,.327,2.6,4.7,.542,.518,2.2,3.0,.738,2.3,5.8,8.1,1.4,0.4,0.7,1.4,2.7,11.3,stewais01
446,Max Strus,SF,26,MIA,73,28,29.1,4.2,10.2,.409,2.5,7.2,.343,1.7,3.0,.569,.531,1.1,1.2,.885,0.6,2.7,3.3,2.2,0.6,0.2,0.9,2.1,11.9,strusma01
447,Jalen Suggs,PG,21,ORL,45,16,23.7,3.5,8.3,.417,1.2,3.7,.311,2.3,4.6,.502,.487,1.6,2.2,.703,1.1,1.9,3.0,3.2,1.3,0.5,1.8,2.4,9.7,suggsja01
448,Edmond Sumner,SG,27,BRK,49,12,14.4,2.4,5.3,.460,0.6,1.8,.360,1.8,3.6,.509,.519,1.9,2.1,.931,0.2,1.3,1.5,1.4,0.6,0.2,0.9,1.7,7.5,sumneed01
449,Cole Swider,SF,23,LAL,6,0,6.7,0.5,1.5,.333,0.5,1.3,.375,0.0,0.2,.000,.500,0.0,0.0,,0.2,1.0,1.2,0.7,0.0,0.0,0.0,0.5,1.5,swideco01
450,Jae'Sean Tate,SF,27,HOU,31,7,21.8,3.5,7.4,.480,0.4,1.5,.283,3.1,5.9,.530,.509,1.6,2.2,.725,1.3,2.5,3.8,2.7,0.7,0.2,1.5,3.4,9.1,tateja01
451,Jayson Tatum,PF,24,BOS,69,69,37.3,9.8,21.3,.460,3.2,9.4,.344,6.6,12.0,.552,.536,7.2,8.5,.853,1.1,7.8,8.9,4.7,1.0,0.7,3.0,2.1,30.1,tatumja01
452,Terry Taylor,PF,23,TOT,28,2,8.4,1.1,2.4,.478,0.1,0.6,.222,1.0,1.8,.571,.507,0.2,0.3,.714,0.8,0.6,1.4,0.4,0.1,0.2,0.3,0.9,2.6,taylote01
452,Terry Taylor,PF,23,IND,26,2,8.8,1.2,2.5,.462,0.2,0.7,.222,1.0,1.8,.553,.492,0.2,0.3,.714,0.8,0.7,1.5,0.4,0.1,0.2,0.3,0.9,2.7,taylote01
452,Terry Taylor,PF,23,CHI,2,0,3.0,1.0,1.0,1.000,0.0,0.0,,1.0,1.0,1.000,1.000,0.0,0.0,,0.0,0.0,0.0,0.0,0.0,0.0,0.0,0.5,2.0,taylote01
453,Garrett Temple,SG,36,NOP,23,0,6.6,0.7,1.8,.381,0.4,1.0,.417,0.3,0.8,.333,.500,0.1,0.2,.750,0.2,0.4,0.6,0.5,0.4,0.0,0.2,0.6,2.0,templga01
454,Dalen Terry,SG,20,CHI,30,0,5.6,0.7,1.6,.468,0.2,0.6,.333,0.5,1.0,.552,.532,0.2,0.4,.455,0.3,0.6,0.9,0.6,0.1,0.1,0.2,0.6,1.8,terryda01
455,Daniel Theis,C,30,IND,7,1,15.6,3.0,6.3,.477,0.3,1.6,.182,2.7,4.7,.576,.500,0.7,1.7,.417,1.0,2.1,3.1,1.3,0.3,0.9,0.4,1.0,7.0,theisda01
456,Cam Thomas,SG,21,BRK,52,3,16.6,3.4,7.8,.437,0.9,2.3,.375,2.5,5.5,.463,.493,2.7,3.1,.858,0.2,1.6,1.7,1.4,0.4,0.1,1.1,1.0,10.3,thomaca02
457,Klay Thompson,SG,32,GSW,63,63,33.0,7.9,18.1,.436,4.3,10.5,.406,3.6,7.6,.477,.554,1.7,2.0,.873,0.6,3.6,4.2,2.4,0.7,0.4,1.8,1.9,21.8,thompkl01
458,JT Thor,PF,20,CHO,62,4,12.2,1.2,2.9,.400,0.4,1.5,.286,0.7,1.4,.517,.472,0.4,0.6,.657,0.5,1.4,1.9,0.4,0.4,0.3,0.5,0.9,3.1,thorjt01
459,Matisse Thybulle,SG,25,TOT,66,23,16.1,1.5,3.4,.449,0.7,2.0,.361,0.8,1.4,.576,.556,0.2,0.3,.636,0.6,1.3,1.9,0.7,1.1,0.4,0.3,1.6,4.0,thybuma01
459,Matisse Thybulle,SG,25,PHI,49,6,12.1,1.0,2.4,.431,0.4,1.3,.333,0.6,1.1,.547,.522,0.2,0.2,.750,0.4,0.9,1.3,0.5,0.9,0.3,0.2,1.3,2.7,thybuma01
459,Matisse Thybulle,SG,25,POR,17,17,27.7,3.0,6.4,.468,1.6,4.1,.386,1.4,2.3,.615,.592,0.3,0.6,.500,1.1,2.5,3.6,1.5,1.8,0.8,0.7,2.2,7.9,thybuma01
460,Xavier Tillman Sr.,PF,24,MEM,54,23,18.3,2.8,4.7,.599,0.1,0.3,.267,2.7,4.4,.620,.607,0.8,1.5,.557,1.9,2.8,4.7,1.5,0.9,0.4,0.7,1.6,6.5,tillmxa01
461,Isaiah Todd,PF,21,WAS,4,0,3.3,0.3,1.0,.250,0.0,0.8,.000,0.3,0.3,1.000,.250,0.0,0.0,,0.0,0.0,0.0,0.0,0.0,0.0,0.0,0.0,0.5,toddis01
462,Obi Toppin,PF,24,NYK,60,0,14.3,2.3,5.5,.414,1.1,3.3,.322,1.2,2.2,.553,.511,0.5,0.6,.784,0.4,2.3,2.8,0.8,0.3,0.2,0.5,1.0,6.1,toppiob01
463,Juan Toscano-Anderson,SF,29,TOT,44,7,12.0,1.1,2.2,.485,0.1,0.6,.214,0.9,1.6,.594,.515,0.3,0.4,.789,0.5,1.7,2.2,1.0,0.3,0.2,0.6,1.4,2.6,toscaju01
463,Juan Toscano-Anderson,SF,29,LAL,30,7,12.2,1.1,2.2,.500,0.1,0.7,.200,1.0,1.5,.630,.530,0.4,0.5,.733,0.5,1.6,2.0,0.8,0.3,0.2,0.6,1.5,2.7,toscaju01
463,Juan Toscano-Anderson,SF,29,UTA,14,0,11.6,1.0,2.2,.452,0.1,0.6,.250,0.9,1.6,.522,.484,0.3,0.3,1.000,0.4,2.1,2.5,1.2,0.3,0.1,0.6,1.2,2.4,toscaju01
464,Karl-Anthony Towns,PF,27,MIN,22,22,33.4,7.3,14.6,.502,1.8,5.5,.333,5.5,9.1,.602,.564,4.4,4.9,.889,1.6,6.4,8.0,5.2,0.8,0.6,3.1,3.9,20.8,townska01
465,Gary Trent Jr.,SG,24,TOR,63,43,32.6,6.3,14.4,.434,2.6,6.9,.371,3.7,7.5,.494,.524,2.6,3.1,.838,0.5,2.2,2.7,1.6,1.6,0.2,0.8,1.6,17.7,trentga02
466,P.J. Tucker,PF,37,PHI,69,69,25.8,1.2,2.9,.423,0.7,1.8,.387,0.5,1.1,.481,.542,0.3,0.3,.826,1.3,2.7,4.0,0.8,0.6,0.2,0.6,2.4,3.4,tuckepj01
467,Myles Turner,C,26,IND,62,62,29.4,6.5,11.8,.548,1.5,4.0,.373,5.0,7.8,.638,.612,3.5,4.5,.783,1.4,6.1,7.5,1.4,0.6,2.3,1.7,3.5,18.0,turnemy01
468,Stanley Umude,SG,23,DET,1,0,2.0,0.0,1.0,.000,0.0,1.0,.000,0.0,0.0,,.000,2.0,2.0,1.000,0.0,0.0,0.0,0.0,1.0,1.0,0.0,0.0,2.0,umudest01
469,Jonas Valančiūnas,C,30,NOP,71,71,24.9,5.7,10.4,.551,0.5,1.5,.350,5.2,9.0,.584,.576,2.4,2.9,.828,2.8,7.1,9.9,1.7,0.3,0.6,2.0,3.0,14.4,valanjo01
470,Jarred Vanderbilt,PF,23,TOT,70,57,24.4,3.2,5.9,.547,0.3,1.1,.295,2.9,4.8,.606,.575,1.3,1.9,.692,2.3,5.5,7.8,2.5,1.1,0.3,1.3,2.5,8.1,vandeja01
470,Jarred Vanderbilt,PF,23,UTA,52,41,24.1,3.3,6.0,.556,0.4,1.1,.333,3.0,4.9,.606,.587,1.3,2.0,.657,2.3,5.5,7.9,2.7,1.0,0.3,1.3,2.6,8.3,vandeja01
470,Jarred Vanderbilt,PF,23,LAL,18,16,25.4,2.9,5.7,.520,0.2,1.2,.190,2.7,4.5,.605,.539,1.4,1.7,.806,2.1,5.5,7.6,1.9,1.3,0.3,1.3,2.5,7.5,vandeja01
471,Fred VanVleet,PG,28,TOR,62,62,36.9,6.5,16.3,.397,3.1,8.8,.347,3.4,7.5,.456,.491,3.7,4.1,.895,0.5,3.7,4.2,7.0,1.7,0.5,2.0,2.8,19.7,vanvlfr01
472,Devin Vassell,SG,22,SAS,37,31,31.1,6.9,15.8,.441,2.8,7.1,.391,4.2,8.7,.481,.528,2.1,2.7,.780,0.2,3.6,3.9,3.6,1.2,0.5,1.5,1.5,18.8,vassede01
473,Gabe Vincent,PG,26,MIA,61,27,26.2,3.3,8.4,.396,1.7,5.2,.327,1.6,3.1,.510,.498,1.1,1.2,.892,0.4,1.7,2.1,2.4,0.9,0.1,1.5,2.4,9.4,vincega01
474,Noah Vonleh,C,27,BOS,23,1,7.4,0.5,1.0,.458,0.0,0.2,.250,0.4,0.9,.500,.479,0.1,0.1,1.000,0.8,1.3,2.1,0.3,0.1,0.3,0.5,1.5,1.1,vonleno01
475,Nikola Vučević,C,32,CHI,73,73,34.1,7.3,14.2,.514,1.5,4.4,.350,5.7,9.7,.588,.568,1.6,1.9,.830,2.0,9.3,11.3,3.3,0.8,0.8,1.8,2.3,17.7,vucevni01
476,Dean Wade,PF,26,CLE,39,9,19.9,1.6,3.9,.408,1.0,2.8,.349,0.6,1.1,.558,.533,0.4,0.6,.652,0.4,2.9,3.3,0.8,0.6,0.5,0.4,2.1,4.5,wadede01
477,Franz Wagner,SF,21,ORL,73,73,33.0,6.9,14.1,.489,1.7,4.6,.362,5.2,9.5,.550,.548,3.3,3.9,.837,0.9,3.1,4.0,3.6,0.9,0.2,2.1,2.3,18.7,wagnefr01
478,Moritz Wagner,C,25,ORL,51,17,20.2,3.6,7.3,.496,0.9,3.0,.310,2.7,4.3,.628,.560,2.9,3.4,.844,1.3,3.4,4.7,1.6,0.7,0.2,1.2,2.5,11.1,wagnemo01
479,Ish Wainright,SF,28,PHO,54,1,15.2,1.4,3.8,.377,0.9,2.8,.333,0.5,0.9,.510,.502,0.5,0.5,.862,0.8,1.4,2.2,0.9,0.7,0.3,0.4,2.0,4.3,wainris01
480,Jabari Walker,SF,20,POR,47,0,9.0,1.1,2.6,.433,0.1,0.6,.233,1.0,1.9,.500,.463,0.5,0.7,.758,0.8,1.2,2.0,0.5,0.1,0.2,0.4,1.0,2.9,walkeja01
481,Kemba Walker,PG,32,DAL,9,1,16.0,2.7,6.3,.421,0.8,3.1,.250,1.9,3.2,.586,.482,1.9,2.3,.810,0.3,1.4,1.8,2.1,0.2,0.2,0.4,1.2,8.0,walkeke02
482,Lonnie Walker IV,SG,24,LAL,52,32,24.5,4.5,10.0,.448,1.7,4.7,.363,2.8,5.3,.524,.534,1.8,2.0,.858,0.3,1.8,2.1,1.2,0.6,0.3,0.9,1.3,12.4,walkelo01
483,John Wall,PG,32,LAC,34,3,22.2,4.1,9.9,.408,1.0,3.2,.303,3.1,6.7,.459,.457,2.3,3.3,.681,0.4,2.3,2.7,5.2,0.8,0.4,2.4,1.7,11.4,walljo01
484,T.J. Warren,PF-SF,29,TOT,37,0,16.6,3.3,6.6,.502,0.5,1.6,.339,2.8,5.0,.554,.543,0.7,0.9,.794,0.5,2.2,2.8,0.8,0.5,0.2,0.5,1.6,7.9,warretj01
484,T.J. Warren,PF,29,BRK,26,0,18.8,3.9,7.7,.510,0.6,1.8,.333,3.3,5.8,.566,.550,1.0,1.3,.818,0.5,2.3,2.8,1.1,0.6,0.3,0.7,1.7,9.5,warretj01
484,T.J. Warren,SF,29,PHO,11,0,11.5,1.9,4.1,.467,0.4,1.0,.364,1.5,3.1,.500,.511,0.0,0.1,.000,0.6,2.2,2.8,0.2,0.5,0.2,0.2,1.2,4.2,warretj01
485,Duane Washington Jr.,SG,22,PHO,31,3,12.7,3.0,8.3,.367,1.3,3.6,.360,1.7,4.7,.372,.445,0.5,0.8,.667,0.1,1.1,1.2,2.0,0.2,0.1,1.1,0.7,7.9,washidu02
486,P.J. Washington,PF,24,CHO,70,70,32.8,5.8,13.2,.438,2.0,5.8,.342,3.8,7.4,.514,.513,1.7,2.4,.725,1.0,3.8,4.8,2.3,0.9,1.1,1.5,2.6,15.3,washipj01
487,TyTy Washington Jr.,PG,21,HOU,30,2,13.7,1.8,5.2,.355,0.6,2.6,.218,1.3,2.6,.494,.410,0.3,0.5,.625,0.1,1.3,1.4,1.6,0.4,0.1,0.5,0.9,4.6,washity02
488,Yuta Watanabe,SF,28,BRK,51,0,16.7,2.1,4.1,.505,1.1,2.3,.458,1.0,1.8,.565,.633,0.6,0.8,.756,0.5,1.9,2.5,0.9,0.5,0.3,0.4,1.4,5.8,watanyu01
489,Lindy Waters III,SG,25,OKC,37,0,12.8,1.6,4.2,.394,1.4,3.8,.366,0.2,0.4,.692,.561,0.4,0.5,.833,0.3,1.4,1.7,0.7,0.3,0.2,0.3,1.0,5.1,waterli01
490,Trendon Watford,PF,22,POR,56,6,19.0,2.6,4.8,.554,0.4,1.0,.407,2.3,3.8,.592,.596,1.1,1.5,.744,0.7,3.2,3.9,2.1,0.6,0.2,1.1,2.0,6.8,watfotr01
491,Peyton Watson,SG,20,DEN,16,0,3.1,0.8,1.4,.565,0.3,0.4,.667,0.6,1.1,.529,.652,0.0,0.1,.000,0.2,0.3,0.5,0.1,0.0,0.1,0.1,0.2,1.9,watsope01
492,Blake Wesley,SG,19,SAS,29,1,17.2,1.8,5.7,.315,0.6,1.4,.381,1.2,4.2,.293,.364,0.7,1.2,.600,0.4,1.7,2.1,2.5,0.6,0.1,1.7,1.9,4.9,weslebl01
493,Russell Westbrook,PG,34,TOT,66,17,28.9,5.7,13.5,.425,1.1,3.9,.291,4.6,9.6,.480,.467,2.9,4.3,.668,1.2,4.8,5.9,7.4,1.0,0.4,3.6,2.3,15.5,westbru01
493,Russell Westbrook,PG,34,LAL,52,3,28.7,5.8,14.0,.417,1.2,4.1,.296,4.6,9.9,.467,.460,3.0,4.6,.655,1.1,5.0,6.2,7.5,1.0,0.4,3.5,2.3,15.9,westbru01
493,Russell Westbrook,PG,34,LAC,14,14,29.6,5.4,11.6,.463,0.9,3.2,.267,4.5,8.4,.538,.500,2.5,3.4,.729,1.3,3.7,5.0,7.1,1.1,0.4,3.7,2.4,14.1,westbru01
494,Coby White,SG,22,CHI,65,1,22.9,3.3,7.6,.435,1.7,4.6,.373,1.6,3.0,.528,.547,0.8,1.0,.857,0.2,2.5,2.7,2.4,0.8,0.1,0.9,1.7,9.2,whiteco01
495,Derrick White,SG,28,BOS,74,62,28.3,4.2,9.2,.461,1.8,4.7,.382,2.4,4.5,.544,.559,2.0,2.3,.876,0.6,2.8,3.5,4.0,0.7,0.9,1.1,2.3,12.3,whitede01
496,Jack White,SF,25,DEN,16,0,3.2,0.4,1.0,.438,0.2,0.5,.375,0.3,0.5,.500,.531,0.1,0.2,.667,0.2,0.4,0.6,0.2,0.1,0.1,0.1,0.5,1.2,whiteja03
497,Joe Wieskamp,SF,23,TOR,5,0,6.0,0.6,1.6,.375,0.6,1.4,.429,0.0,0.2,.000,.563,0.0,0.0,,0.0,0.4,0.4,0.2,0.0,0.0,0.2,0.4,1.8,wieskjo01
498,Aaron Wiggins,SG,24,OKC,62,14,18.3,2.5,5.0,.497,0.6,1.7,.381,1.9,3.3,.556,.561,0.8,1.0,.806,1.0,2.1,3.1,1.2,0.5,0.2,0.8,1.5,6.5,wiggiaa01
499,Andrew Wiggins,SF,27,GSW,37,37,32.2,6.8,14.3,.473,2.4,6.1,.396,4.4,8.2,.530,.557,1.2,1.9,.611,1.6,3.4,5.0,2.3,1.2,0.8,1.3,2.9,17.1,wiggian01
500,Lindell Wigginton,PG,24,MIL,4,0,4.3,0.8,2.3,.333,0.0,1.0,.000,0.8,1.3,.600,.333,0.5,0.5,1.000,0.0,0.3,0.3,0.3,0.0,0.0,0.5,0.3,2.0,wiggili01
501,Alondes Williams,SG,23,BRK,1,0,5.0,0.0,0.0,,0.0,0.0,,0.0,0.0,,,0.0,0.0,,0.0,1.0,1.0,0.0,0.0,0.0,2.0,1.0,0.0,willial06
502,Grant Williams,PF,24,BOS,71,22,26.6,2.8,6.2,.455,1.5,3.8,.403,1.3,2.4,.535,.577,1.2,1.5,.789,1.1,3.6,4.7,1.7,0.6,0.4,1.1,2.6,8.4,willigr01
503,Jalen Williams,SG,21,OKC,68,55,30.0,5.3,10.3,.516,1.0,2.8,.348,4.4,7.5,.578,.563,2.0,2.5,.793,1.1,3.4,4.5,3.2,1.3,0.5,1.6,2.5,13.5,willija06
504,Jaylin Williams,PF,20,OKC,42,29,18.1,2.1,4.9,.436,0.9,2.3,.411,1.2,2.6,.459,.532,0.8,1.1,.711,0.8,4.0,4.8,1.5,0.5,0.3,0.7,2.3,5.9,willija07
505,Kenrich Williams,PF,28,OKC,53,10,22.8,3.4,6.5,.517,0.9,2.5,.373,2.4,4.0,.608,.590,0.3,0.7,.436,1.8,3.1,4.9,2.0,0.8,0.3,0.6,2.1,8.0,willike04
506,Mark Williams,C,21,CHO,38,12,17.8,3.4,5.4,.642,0.0,0.0,,3.4,5.4,.642,.642,1.4,2.1,.679,2.0,4.5,6.4,0.4,0.7,1.1,0.8,2.1,8.3,willima07
507,Patrick Williams,PF,21,CHI,73,62,28.5,3.8,8.2,.461,1.4,3.3,.417,2.4,4.9,.492,.545,1.2,1.3,.867,1.0,3.2,4.1,1.2,0.8,0.8,1.3,1.8,10.1,willipa01
508,Robert Williams,C,25,BOS,30,18,23.8,3.7,5.0,.742,0.0,0.0,.000,3.7,5.0,.747,.742,0.7,1.1,.647,3.0,5.5,8.5,1.5,0.6,1.2,0.9,2.0,8.2,williro04
509,Vince Williams Jr.,SG,22,MEM,11,0,4.7,0.4,1.3,.286,0.2,0.9,.200,0.2,0.4,.500,.357,0.0,0.0,,0.2,0.5,0.6,0.3,0.4,0.1,0.1,0.5,0.9,willivi01
510,Ziaire Williams,SF,21,MEM,36,3,14.7,2.1,4.9,.424,0.6,2.5,.247,1.5,2.4,.602,.486,0.4,0.5,.778,0.4,1.7,2.1,0.7,0.4,0.1,1.0,1.6,5.2,willizi02
511,Zion Williamson,PF,22,NOP,29,29,33.0,9.8,16.2,.608,0.2,0.7,.368,9.6,15.5,.618,.615,6.1,8.6,.714,2.0,5.0,7.0,4.6,1.1,0.6,3.4,2.2,26.0,willizi01
512,Dylan Windler,SF,26,CLE,2,0,4.0,1.0,1.5,.667,0.5,1.0,.500,0.5,0.5,1.000,.833,0.0,0.0,,0.0,0.0,0.0,0.5,0.5,0.0,0.5,0.0,2.5,windldy01
513,Justise Winslow,SF,26,POR,29,11,26.8,2.8,6.8,.409,0.5,1.6,.311,2.3,5.3,.438,.444,0.7,1.0,.714,1.7,3.3,5.0,3.4,1.0,0.4,1.5,3.1,6.8,winslju01
514,James Wiseman,C,21,TOT,37,14,18.4,4.1,7.2,.577,0.1,0.4,.250,4.0,6.7,.598,.585,1.3,1.9,.667,1.6,4.2,5.7,0.6,0.2,0.6,1.1,2.3,9.7,wisemja01
514,James Wiseman,C,21,GSW,21,0,12.5,2.8,4.5,.628,0.0,0.1,.500,2.8,4.4,.630,.633,1.2,1.8,.684,0.9,2.6,3.5,0.7,0.1,0.3,0.7,1.9,6.9,wisemja01
514,James Wiseman,C,21,DET,16,14,26.2,5.9,10.7,.550,0.2,0.9,.214,5.7,9.8,.580,.558,1.4,2.1,.647,2.5,6.2,8.7,0.6,0.2,0.9,1.8,2.9,13.3,wisemja01
515,Christian Wood,C,27,DAL,61,17,26.7,6.1,11.9,.515,1.6,4.3,.366,4.6,7.6,.599,.581,3.4,4.3,.777,1.3,6.3,7.6,1.9,0.5,1.1,1.9,2.7,17.2,woodch01
516,Delon Wright,PG,30,WAS,45,9,23.8,2.6,5.5,.480,0.8,2.3,.353,1.8,3.2,.569,.553,1.0,1.1,.898,1.2,2.1,3.3,3.8,1.8,0.4,0.9,1.2,7.0,wrighde01
517,McKinley Wright IV,PG,24,DAL,24,1,11.6,1.4,3.0,.472,0.3,0.9,.333,1.1,2.1,.529,.521,0.5,0.7,.688,0.3,1.3,1.7,2.0,0.3,0.2,0.7,0.9,3.6,wrighmc01
518,Thaddeus Young,PF,34,TOR,54,9,14.7,2.0,3.7,.545,0.1,0.6,.176,1.9,3.0,.622,.561,0.3,0.5,.692,1.3,1.8,3.1,1.4,1.0,0.1,0.8,1.6,4.4,youngth01
519,Trae Young,PG,24,ATL,67,67,34.6,8.4,19.4,.434,2.2,6.4,.340,6.2,13.0,.480,.490,7.6,8.6,.887,0.8,2.3,3.1,10.0,1.1,0.1,4.1,1.5,26.6,youngtr01
520,Omer Yurtseven,C,24,MIA,6,0,6.2,0.8,1.5,.556,0.0,0.2,.000,0.8,1.3,.625,.556,0.3,0.5,.667,0.7,0.8,1.5,0.0,0.2,0.2,0.2,1.0,2.0,yurtsom01
521,Cody Zeller,C,30,MIA,10,0,13.0,1.5,2.9,.517,0.0,0.1,.000,1.5,2.8,.536,.517,1.7,2.3,.739,1.6,1.9,3.5,0.6,0.2,0.4,0.8,2.3,4.7,zelleco01
522,Ivica Zubac,C,25,LAC,69,69,28.8,4.2,6.7,.628,0.0,0.0,.000,4.2,6.6,.631,.628,2.1,3.0,.708,3.2,6.8,10.0,1.1,0.4,1.3,1.6,2.9,10.5,zubaciv01